window_start_utc,raw_deviation_score,normalized_deviation_score,chunk_id,dev_median,dev_scale
2018-02-14 12:29:00+00:00,2.8413748741149902,0.08299708366394043,1,1.318664312362671,0.3273128271102905
2018-02-14 12:30:00+00:00,2.2340903282165527,-0.442746639251709,1,1.318664312362671,0.3273128271102905
2018-02-14 12:31:00+00:00,2.6533772945404053,-0.0703066885471344,1,1.318664312362671,0.3273128271102905
2018-02-14 12:32:00+00:00,2.0722594261169434,-0.5995824933052063,1,1.318664312362671,0.3273128271102905
2018-02-14 12:33:00+00:00,2.434739112854004,-0.2588452100753784,1,1.318664312362671,0.3273128271102905
2018-02-14 12:34:00+00:00,1.862608790397644,-0.8155223727226257,1,1.318664312362671,0.3273128271102905
2018-02-14 12:35:00+00:00,2.7547519207000732,0.013314277864992619,1,1.318664312362671,0.3273128271102905
2018-02-14 12:36:00+00:00,2.0367743968963623,-0.6350758075714111,1,1.318664312362671,0.3273128271102905
2018-02-14 12:37:00+00:00,2.373663902282715,-0.31366002559661865,1,1.318664312362671,0.3273128271102905
2018-02-14 12:38:00+00:00,1.6681013107299805,-1.0305041074752808,1,1.318664312362671,0.3273128271102905
2018-02-14 12:39:00+00:00,3.240570068359375,0.38505494594573975,1,1.318664312362671,0.3273128271102905
2018-02-14 12:40:00+00:00,1.7307473421096802,-0.9595990180969238,1,1.318664312362671,0.3273128271102905
2018-02-14 12:41:00+00:00,2.1822948455810547,-0.4920728802680969,1,1.318664312362671,0.3273128271102905
2018-02-14 12:42:00+00:00,1.9355823993682861,-0.7386159300804138,1,1.318664312362671,0.3273128271102905
2018-02-14 12:43:00+00:00,2.0193307399749756,-0.6526756882667542,1,1.318664312362671,0.3273128271102905
2018-02-14 12:44:00+00:00,2.5211143493652344,-0.18296507000923157,1,1.318664312362671,0.3273128271102905
2018-02-14 12:45:00+00:00,1.860318899154663,-0.8179672956466675,1,1.318664312362671,0.3273128271102905
2018-02-14 12:46:00+00:00,1.9717143774032593,-0.7012410759925842,1,1.318664312362671,0.3273128271102905
2018-02-14 12:47:00+00:00,2.0493316650390625,-0.6224684715270996,1,1.318664312362671,0.3273128271102905
2018-02-14 12:48:00+00:00,2.210070848464966,-0.465521901845932,1,1.318664312362671,0.3273128271102905
2018-02-14 12:49:00+00:00,2.023784637451172,-0.6481722593307495,1,1.318664312362671,0.3273128271102905
2018-02-14 12:50:00+00:00,1.8653326034545898,-0.812616765499115,1,1.318664312362671,0.3273128271102905
2018-02-14 12:51:00+00:00,1.8437857627868652,-0.8356779217720032,1,1.318664312362671,0.3273128271102905
2018-02-14 12:52:00+00:00,2.2773075103759766,-0.4021904766559601,1,1.318664312362671,0.3273128271102905
2018-02-14 12:53:00+00:00,1.8381348848342896,-0.8417550325393677,1,1.318664312362671,0.3273128271102905
2018-02-14 12:54:00+00:00,1.9163525104522705,-0.7586949467658997,1,1.318664312362671,0.3273128271102905
2018-02-14 12:55:00+00:00,1.8423683643341064,-0.8372009992599487,1,1.318664312362671,0.3273128271102905
2018-02-14 12:56:00+00:00,2.093966484069824,-0.5780721306800842,1,1.318664312362671,0.3273128271102905
2018-02-14 12:57:00+00:00,1.7968491315841675,-0.8865243196487427,1,1.318664312362671,0.3273128271102905
2018-02-14 12:58:00+00:00,1.901020884513855,-0.7747986912727356,1,1.318664312362671,0.3273128271102905
2018-02-14 12:59:00+00:00,2.3986639976501465,-0.29110366106033325,1,1.318664312362671,0.3273128271102905
2018-02-21 01:55:00+00:00,16.934680938720703,4.790744304656982,1,1.318664312362671,0.3273128271102905
2018-02-21 01:56:00+00:00,11.152503967285156,3.6016643047332764,1,1.318664312362671,0.3273128271102905
2018-02-21 01:57:00+00:00,17.51102066040039,4.887379169464111,1,1.318664312362671,0.3273128271102905
2018-02-21 01:58:00+00:00,99.00127410888672,10.040910720825195,1,1.318664312362671,0.3273128271102905
2018-02-21 01:59:00+00:00,13.939297676086426,4.2324371337890625,1,1.318664312362671,0.3273128271102905
2018-02-21 02:00:00+00:00,16.64522933959961,4.741034030914307,1,1.318664312362671,0.3273128271102905
2018-02-21 02:01:00+00:00,15.939491271972656,4.61632776260376,1,1.318664312362671,0.3273128271102905
2018-02-21 02:02:00+00:00,12.91665267944336,4.015797138214111,1,1.318664312362671,0.3273128271102905
2018-02-21 02:03:00+00:00,16.15890121459961,4.655646324157715,1,1.318664312362671,0.3273128271102905
2018-02-21 02:04:00+00:00,13.32503604888916,4.104160785675049,1,1.318664312362671,0.3273128271102905
2018-02-21 02:05:00+00:00,17.0485782623291,4.810085296630859,1,1.318664312362671,0.3273128271102905
2018-02-21 02:06:00+00:00,17.17156982421875,4.830833911895752,1,1.318664312362671,0.3273128271102905
2018-02-21 02:07:00+00:00,14.705055236816406,4.385157108306885,1,1.318664312362671,0.3273128271102905
2018-02-21 02:08:00+00:00,17.026918411254883,4.806416988372803,1,1.318664312362671,0.3273128271102905
2018-02-21 02:09:00+00:00,96.607666015625,9.96689224243164,1,1.318664312362671,0.3273128271102905
2018-02-21 02:10:00+00:00,13.776433944702148,4.198947429656982,1,1.318664312362671,0.3273128271102905
2018-02-21 02:11:00+00:00,24.628021240234375,5.881291389465332,1,1.318664312362671,0.3273128271102905
2018-02-21 02:12:00+00:00,28.856952667236328,6.347912788391113,1,1.318664312362671,0.3273128271102905
2018-02-21 02:13:00+00:00,25.75319480895996,6.0125651359558105,1,1.318664312362671,0.3273128271102905
2018-02-21 02:14:00+00:00,28.67719268798828,6.329463005065918,1,1.318664312362671,0.3273128271102905
2018-02-21 02:15:00+00:00,28.852611541748047,6.347469329833984,1,1.318664312362671,0.3273128271102905
2018-02-21 02:16:00+00:00,25.686416625976562,6.004929065704346,1,1.318664312362671,0.3273128271102905
2018-02-21 02:17:00+00:00,28.805728912353516,6.3426666259765625,1,1.318664312362671,0.3273128271102905
2018-02-21 02:18:00+00:00,32.67646789550781,6.715700626373291,1,1.318664312362671,0.3273128271102905
2018-02-21 02:19:00+00:00,30.262672424316406,6.488472938537598,1,1.318664312362671,0.3273128271102905
2018-02-21 02:20:00+00:00,95.50846099853516,9.932291030883789,1,1.318664312362671,0.3273128271102905
2018-02-21 02:21:00+00:00,30.251529693603516,6.48738431930542,1,1.318664312362671,0.3273128271102905
2018-02-21 02:22:00+00:00,33.22496032714844,6.765059947967529,1,1.318664312362671,0.3273128271102905
2018-02-21 02:23:00+00:00,33.205360412597656,6.763309478759766,1,1.318664312362671,0.3273128271102905
2018-02-21 02:24:00+00:00,30.246437072753906,6.486886024475098,1,1.318664312362671,0.3273128271102905
2018-02-21 02:25:00+00:00,29.957843780517578,6.458537578582764,1,1.318664312362671,0.3273128271102905
2018-02-21 02:26:00+00:00,33.16522216796875,6.759722709655762,1,1.318664312362671,0.3273128271102905
2018-02-21 02:27:00+00:00,30.12897300720215,6.47537899017334,1,1.318664312362671,0.3273128271102905
2018-02-21 02:28:00+00:00,32.53226089477539,6.702589988708496,1,1.318664312362671,0.3273128271102905
2018-02-21 02:29:00+00:00,31.724029541015625,6.628048419952393,1,1.318664312362671,0.3273128271102905
2018-02-21 02:30:00+00:00,27.802785873413086,6.23809289932251,1,1.318664312362671,0.3273128271102905
2018-02-21 02:31:00+00:00,108.70081329345703,10.323740005493164,1,1.318664312362671,0.3273128271102905
2018-02-21 02:32:00+00:00,107.46794891357422,10.289210319519043,1,1.318664312362671,0.3273128271102905
2018-02-21 02:33:00+00:00,114.98521423339844,10.493931770324707,1,1.318664312362671,0.3273128271102905
2018-02-21 08:32:00+00:00,88.89750671386719,9.715494155883789,1,1.318664312362671,0.3273128271102905
2018-02-21 08:33:00+00:00,14.623159408569336,4.369184494018555,1,1.318664312362671,0.3273128271102905
2018-02-21 08:34:00+00:00,105.56654357910156,10.235179901123047,1,1.318664312362671,0.3273128271102905
2018-02-21 08:35:00+00:00,16.987863540649414,4.799790382385254,1,1.318664312362671,0.3273128271102905
2018-02-21 08:36:00+00:00,12.51987361907959,3.927424669265747,1,1.318664312362671,0.3273128271102905
2018-02-21 08:37:00+00:00,16.146310806274414,4.6534037590026855,1,1.318664312362671,0.3273128271102905
2018-02-21 08:38:00+00:00,17.716487884521484,4.9211039543151855,1,1.318664312362671,0.3273128271102905
2018-02-21 08:39:00+00:00,16.274696350097656,4.676194190979004,1,1.318664312362671,0.3273128271102905
2018-02-21 08:40:00+00:00,13.701871871948242,4.183492183685303,1,1.318664312362671,0.3273128271102905
2018-02-21 08:41:00+00:00,14.780826568603516,4.399862289428711,1,1.318664312362671,0.3273128271102905
2018-02-21 08:42:00+00:00,11.976652145385742,3.8021349906921387,1,1.318664312362671,0.3273128271102905
2018-02-21 08:43:00+00:00,15.751138687133789,4.58216667175293,1,1.318664312362671,0.3273128271102905
2018-02-21 08:44:00+00:00,13.538558006286621,4.149363994598389,1,1.318664312362671,0.3273128271102905
2018-02-21 08:45:00+00:00,12.464561462402344,3.9148995876312256,1,1.318664312362671,0.3273128271102905
2018-02-21 08:46:00+00:00,16.444040298461914,4.70599889755249,1,1.318664312362671,0.3273128271102905
2018-02-21 08:47:00+00:00,13.216064453125,4.080831050872803,1,1.318664312362671,0.3273128271102905
2018-02-21 08:48:00+00:00,18.657684326171875,5.07100248336792,1,1.318664312362671,0.3273128271102905
2018-02-21 08:49:00+00:00,18.67792510986328,5.074146270751953,1,1.318664312362671,0.3273128271102905
2018-02-21 08:50:00+00:00,14.981054306030273,4.438383102416992,1,1.318664312362671,0.3273128271102905
2018-02-21 08:51:00+00:00,14.26506233215332,4.298341751098633,1,1.318664312362671,0.3273128271102905
2018-02-21 08:52:00+00:00,16.737689971923828,4.75700044631958,1,1.318664312362671,0.3273128271102905
2018-02-21 08:53:00+00:00,13.509153366088867,4.1431779861450195,1,1.318664312362671,0.3273128271102905
2018-02-21 08:54:00+00:00,17.615507125854492,4.904576301574707,1,1.318664312362671,0.3273128271102905
2018-02-21 08:55:00+00:00,16.473678588867188,4.711184978485107,1,1.318664312362671,0.3273128271102905
2018-02-21 08:56:00+00:00,16.2808780670166,4.677287578582764,1,1.318664312362671,0.3273128271102905
2018-02-21 08:57:00+00:00,16.390491485595703,4.696605682373047,1,1.318664312362671,0.3273128271102905
2018-02-21 08:58:00+00:00,13.664230346679688,4.175659656524658,1,1.318664312362671,0.3273128271102905
2018-02-21 08:59:00+00:00,15.286038398742676,4.496139049530029,1,1.318664312362671,0.3273128271102905
2018-02-21 09:00:00+00:00,16.575424194335938,4.728923320770264,1,1.318664312362671,0.3273128271102905
2018-02-21 09:01:00+00:00,11.671550750732422,3.7294445037841797,1,1.318664312362671,0.3273128271102905
2018-02-21 09:02:00+00:00,16.794662475585938,4.766798496246338,1,1.318664312362671,0.3273128271102905
2018-02-21 09:03:00+00:00,15.139604568481445,4.4685444831848145,1,1.318664312362671,0.3273128271102905
2018-02-21 09:04:00+00:00,14.688695907592773,4.3819732666015625,1,1.318664312362671,0.3273128271102905
2018-02-21 09:05:00+00:00,13.932123184204102,4.230969429016113,1,1.318664312362671,0.3273128271102905
2018-02-21 09:06:00+00:00,13.303995132446289,4.099669933319092,1,1.318664312362671,0.3273128271102905
2018-02-21 09:07:00+00:00,14.19198989868164,4.283681392669678,1,1.318664312362671,0.3273128271102905
2018-02-21 09:08:00+00:00,18.001115798950195,4.967215061187744,1,1.318664312362671,0.3273128271102905
2018-02-21 09:09:00+00:00,91.81217956542969,9.81297779083252,1,1.318664312362671,0.3273128271102905
2018-02-21 09:10:00+00:00,14.795024871826172,4.402609825134277,1,1.318664312362671,0.3273128271102905
2018-02-21 09:11:00+00:00,18.673389434814453,5.073441982269287,1,1.318664312362671,0.3273128271102905
2018-02-21 09:12:00+00:00,18.66592788696289,5.072282791137695,1,1.318664312362671,0.3273128271102905
2018-02-21 09:13:00+00:00,13.242688179016113,4.086546897888184,1,1.318664312362671,0.3273128271102905
2018-02-21 09:14:00+00:00,15.530126571655273,4.54158878326416,1,1.318664312362671,0.3273128271102905
2018-02-21 09:15:00+00:00,16.276142120361328,4.676449775695801,1,1.318664312362671,0.3273128271102905
2018-02-21 09:16:00+00:00,13.641716003417969,4.17096471786499,1,1.318664312362671,0.3273128271102905
2018-02-21 09:17:00+00:00,16.023738861083984,4.6314849853515625,1,1.318664312362671,0.3273128271102905
2018-02-21 09:18:00+00:00,13.416531562805176,4.123612403869629,1,1.318664312362671,0.3273128271102905
2018-02-21 09:19:00+00:00,17.739038467407227,4.924783229827881,1,1.318664312362671,0.3273128271102905
2018-02-21 09:21:00+00:00,12.965537071228027,4.026509761810303,1,1.318664312362671,0.3273128271102905
2018-02-21 09:22:00+00:00,18.685224533081055,5.075279712677002,1,1.318664312362671,0.3273128271102905
2018-02-21 09:23:00+00:00,17.428295135498047,4.873695373535156,1,1.318664312362671,0.3273128271102905
2018-02-21 09:24:00+00:00,12.784653663635254,3.986680269241333,1,1.318664312362671,0.3273128271102905
2018-02-21 09:25:00+00:00,15.955375671386719,4.619191646575928,1,1.318664312362671,0.3273128271102905
2018-02-21 09:26:00+00:00,17.23996353149414,4.842311382293701,1,1.318664312362671,0.3273128271102905
2018-02-21 09:27:00+00:00,14.957273483276367,4.43383264541626,1,1.318664312362671,0.3273128271102905
2018-02-21 09:28:00+00:00,18.668394088745117,5.072666168212891,1,1.318664312362671,0.3273128271102905
2018-02-21 09:29:00+00:00,16.292299270629883,4.6793060302734375,1,1.318664312362671,0.3273128271102905
2018-02-21 09:30:00+00:00,16.17315673828125,4.658183574676514,1,1.318664312362671,0.3273128271102905
2018-02-21 09:31:00+00:00,93.70358276367188,9.874612808227539,1,1.318664312362671,0.3273128271102905
2018-02-21 09:32:00+00:00,16.641613006591797,4.740407466888428,1,1.318664312362671,0.3273128271102905
2018-02-21 09:33:00+00:00,15.127546310424805,4.46626091003418,1,1.318664312362671,0.3273128271102905
2018-02-21 09:34:00+00:00,14.762114524841309,4.396237373352051,1,1.318664312362671,0.3273128271102905
2018-02-21 09:35:00+00:00,12.011112213134766,3.810236930847168,1,1.318664312362671,0.3273128271102905
2018-02-21 09:36:00+00:00,16.10302734375,4.645681858062744,1,1.318664312362671,0.3273128271102905
2018-02-21 09:37:00+00:00,16.662124633789062,4.74395751953125,1,1.318664312362671,0.3273128271102905
2018-02-21 09:38:00+00:00,12.056642532348633,3.8209097385406494,1,1.318664312362671,0.3273128271102905
2018-02-21 09:39:00+00:00,14.47413444519043,4.339901924133301,1,1.318664312362671,0.3273128271102905
2018-02-21 09:40:00+00:00,17.018545150756836,4.804996967315674,1,1.318664312362671,0.3273128271102905
2018-02-21 09:41:00+00:00,12.427240371704102,3.906419515609741,1,1.318664312362671,0.3273128271102905
2018-02-21 09:42:00+00:00,301.92218017578125,13.426945686340332,1,1.318664312362671,0.3273128271102905
2018-02-21 09:43:00+00:00,13.689258575439453,4.1808695793151855,1,1.318664312362671,0.3273128271102905
2018-02-21 09:44:00+00:00,17.601179122924805,4.902223587036133,1,1.318664312362671,0.3273128271102905
2018-02-21 09:45:00+00:00,16.539363861083984,4.722648620605469,1,1.318664312362671,0.3273128271102905
2018-02-21 09:46:00+00:00,10.931009292602539,3.5454659461975098,1,1.318664312362671,0.3273128271102905
2018-02-21 09:47:00+00:00,16.555522918701172,4.725461959838867,1,1.318664312362671,0.3273128271102905
2018-02-21 09:48:00+00:00,17.665056228637695,4.9126973152160645,1,1.318664312362671,0.3273128271102905
2018-02-21 09:49:00+00:00,13.953936576843262,4.235429286956787,1,1.318664312362671,0.3273128271102905
2018-02-21 09:50:00+00:00,14.517997741699219,4.348550319671631,1,1.318664312362671,0.3273128271102905
2018-02-21 09:51:00+00:00,15.976287841796875,4.622957706451416,1,1.318664312362671,0.3273128271102905
2018-02-21 09:52:00+00:00,15.248477935791016,4.489084243774414,1,1.318664312362671,0.3273128271102905
2018-02-21 09:53:00+00:00,89.34449768066406,9.730648040771484,1,1.318664312362671,0.3273128271102905
2018-02-21 09:54:00+00:00,13.987010955810547,4.242178916931152,1,1.318664312362671,0.3273128271102905
2018-02-21 09:55:00+00:00,14.109768867492676,4.267102241516113,1,1.318664312362671,0.3273128271102905
2018-02-21 09:56:00+00:00,14.752472877502441,4.3943681716918945,1,1.318664312362671,0.3273128271102905
2018-02-21 09:57:00+00:00,17.764951705932617,4.929005146026611,1,1.318664312362671,0.3273128271102905
2018-02-21 09:58:00+00:00,13.54243278503418,4.150177955627441,1,1.318664312362671,0.3273128271102905
2018-02-21 09:59:00+00:00,16.3521728515625,4.689866542816162,1,1.318664312362671,0.3273128271102905
2018-02-21 10:00:00+00:00,14.122540473937988,4.269682884216309,1,1.318664312362671,0.3273128271102905
2018-02-21 10:01:00+00:00,17.701480865478516,4.91865348815918,1,1.318664312362671,0.3273128271102905
2018-02-21 10:02:00+00:00,17.63953399658203,4.908516883850098,1,1.318664312362671,0.3273128271102905
2018-02-21 10:03:00+00:00,12.837894439697266,3.998457908630371,1,1.318664312362671,0.3273128271102905
2018-02-21 10:04:00+00:00,90.69051361083984,9.775829315185547,1,1.318664312362671,0.3273128271102905
2018-02-21 10:05:00+00:00,16.174152374267578,4.658360481262207,1,1.318664312362671,0.3273128271102905
2018-02-21 10:06:00+00:00,16.280439376831055,4.677210330963135,1,1.318664312362671,0.3273128271102905
2018-02-21 10:07:00+00:00,14.769065856933594,4.397584915161133,1,1.318664312362671,0.3273128271102905
2018-02-21 10:08:00+00:00,23128.44921875,26.672332763671875,1,1.318664312362671,0.3273128271102905
2018-02-21 10:09:00+00:00,11104.0869140625,24.43073844909668,1,1.318664312362671,0.3273128271102905
2018-02-21 10:10:00+00:00,13844.31640625,25.10453987121582,1,1.318664312362671,0.3273128271102905
2018-02-21 10:11:00+00:00,9826.88671875,24.057456970214844,1,1.318664312362671,0.3273128271102905
2018-02-21 10:12:00+00:00,14225.076171875,25.18742561340332,1,1.318664312362671,0.3273128271102905
2018-02-21 10:13:00+00:00,9988.44140625,24.107271194458008,1,1.318664312362671,0.3273128271102905
2018-02-21 10:14:00+00:00,11394.4306640625,24.509592056274414,1,1.318664312362671,0.3273128271102905
2018-02-21 10:15:00+00:00,9912.634765625,24.08399772644043,1,1.318664312362671,0.3273128271102905
2018-02-21 10:16:00+00:00,11638.2724609375,24.574277877807617,1,1.318664312362671,0.3273128271102905
2018-02-21 10:17:00+00:00,11413.7666015625,24.514768600463867,1,1.318664312362671,0.3273128271102905
2018-02-21 10:18:00+00:00,9557.1181640625,23.972421646118164,1,1.318664312362671,0.3273128271102905
2018-02-21 10:19:00+00:00,12856.1376953125,24.878311157226562,1,1.318664312362671,0.3273128271102905
2018-02-21 10:20:00+00:00,7930.6572265625,23.402544021606445,1,1.318664312362671,0.3273128271102905
2018-02-21 10:21:00+00:00,13509.986328125,25.029857635498047,1,1.318664312362671,0.3273128271102905
2018-02-21 10:22:00+00:00,7159.587890625,23.090091705322266,1,1.318664312362671,0.3273128271102905
2018-02-21 10:23:00+00:00,13434.77734375,25.01280403137207,1,1.318664312362671,0.3273128271102905
2018-02-21 10:24:00+00:00,7476.1181640625,23.22224235534668,1,1.318664312362671,0.3273128271102905
2018-02-21 10:25:00+00:00,14387.015625,25.222007751464844,1,1.318664312362671,0.3273128271102905
2018-02-21 10:26:00+00:00,6038.9453125,22.570106506347656,1,1.318664312362671,0.3273128271102905
2018-02-21 10:27:00+00:00,13847.6015625,25.105262756347656,1,1.318664312362671,0.3273128271102905
2018-02-21 10:28:00+00:00,6183.54443359375,22.64238929748535,1,1.318664312362671,0.3273128271102905
2018-02-21 10:29:00+00:00,14014.388671875,25.141841888427734,1,1.318664312362671,0.3273128271102905
2018-02-21 10:30:00+00:00,6269.86181640625,22.684736251831055,1,1.318664312362671,0.3273128271102905
2018-02-21 10:31:00+00:00,14083.572265625,25.156885147094727,1,1.318664312362671,0.3273128271102905
2018-02-21 10:32:00+00:00,6206.408203125,22.653661727905273,1,1.318664312362671,0.3273128271102905
2018-02-21 10:33:00+00:00,13535.400390625,25.035600662231445,1,1.318664312362671,0.3273128271102905
2018-02-21 10:34:00+00:00,6727.69921875,22.900028228759766,1,1.318664312362671,0.3273128271102905
2018-02-21 10:35:00+00:00,13093.0830078125,24.934101104736328,1,1.318664312362671,0.3273128271102905
2018-02-21 10:36:00+00:00,7241.5693359375,23.1248722076416,1,1.318664312362671,0.3273128271102905
2018-02-21 10:37:00+00:00,12395.1376953125,24.766752243041992,1,1.318664312362671,0.3273128271102905
2018-02-21 10:38:00+00:00,8335.984375,23.554811477661133,1,1.318664312362671,0.3273128271102905
2018-02-21 10:39:00+00:00,12207.71875,24.72020721435547,1,1.318664312362671,0.3273128271102905
2018-02-21 10:40:00+00:00,7746.3623046875,23.330717086791992,1,1.318664312362671,0.3273128271102905
2018-02-21 10:41:00+00:00,9884.376953125,24.07527732849121,1,1.318664312362671,0.3273128271102905
2018-02-21 10:42:00+00:00,10793.6201171875,24.34410858154297,1,1.318664312362671,0.3273128271102905
2018-02-21 10:43:00+00:00,3180.78515625,20.611881256103516,1,1.318664312362671,0.3273128271102905
2018-02-22 01:00:00+00:00,2.672149658203125,-0.05464838072657585,1,1.318664312362671,0.3273128271102905
2018-02-22 01:01:00+00:00,2.6495277881622314,-0.07352772355079651,1,1.318664312362671,0.3273128271102905
2018-02-22 01:02:00+00:00,2.6187167167663574,-0.09943041950464249,1,1.318664312362671,0.3273128271102905
2018-02-22 01:03:00+00:00,2.5112149715423584,-0.19156651198863983,1,1.318664312362671,0.3273128271102905
2018-02-22 01:04:00+00:00,2.604074716567993,-0.11181742697954178,1,1.318664312362671,0.3273128271102905
2018-02-22 01:05:00+00:00,2.6027748584747314,-0.11291951686143875,1,1.318664312362671,0.3273128271102905
2018-02-22 01:06:00+00:00,2.1153206825256348,-0.557057797908783,1,1.318664312362671,0.3273128271102905
2018-02-22 01:07:00+00:00,2.5519802570343018,-0.15630008280277252,1,1.318664312362671,0.3273128271102905
2018-02-22 01:08:00+00:00,2.1964011192321777,-0.4785597324371338,1,1.318664312362671,0.3273128271102905
2018-02-22 01:09:00+00:00,1.9941534996032715,-0.6782585978507996,1,1.318664312362671,0.3273128271102905
2018-02-22 01:10:00+00:00,3.49190354347229,0.5609686374664307,1,1.318664312362671,0.3273128271102905
2018-02-22 01:11:00+00:00,2.0293314456939697,-0.6425729990005493,1,1.318664312362671,0.3273128271102905
2018-02-22 01:12:00+00:00,3.024970531463623,0.2256350815296173,1,1.318664312362671,0.3273128271102905
2018-02-22 01:13:00+00:00,2.8552887439727783,0.09404344856739044,1,1.318664312362671,0.3273128271102905
2018-02-22 01:14:00+00:00,2.2457547187805176,-0.4317472577095032,1,1.318664312362671,0.3273128271102905
2018-02-22 01:15:00+00:00,2.047335386276245,-0.6244690418243408,1,1.318664312362671,0.3273128271102905
2018-02-22 01:16:00+00:00,2.3301570415496826,-0.3533158600330353,1,1.318664312362671,0.3273128271102905
2018-02-22 01:17:00+00:00,2.7728495597839355,0.02800452709197998,1,1.318664312362671,0.3273128271102905
2018-02-22 01:18:00+00:00,3.0627455711364746,0.25417497754096985,1,1.318664312362671,0.3273128271102905
2018-02-22 01:19:00+00:00,2.8015270233154297,0.05113925412297249,1,1.318664312362671,0.3273128271102905
2018-02-22 01:20:00+00:00,1.9636380672454834,-0.7095559239387512,1,1.318664312362671,0.3273128271102905
2018-02-22 01:21:00+00:00,2.6736581325531006,-0.053393688052892685,1,1.318664312362671,0.3273128271102905
2018-02-22 01:22:00+00:00,2.4100613594055176,-0.2808752954006195,1,1.318664312362671,0.3273128271102905
2018-02-22 01:23:00+00:00,2.5946593284606934,-0.11980920284986496,1,1.318664312362671,0.3273128271102905
2018-02-22 01:24:00+00:00,2.3348398208618164,-0.3490229547023773,1,1.318664312362671,0.3273128271102905
2018-02-22 01:25:00+00:00,2.575867176055908,-0.13582296669483185,1,1.318664312362671,0.3273128271102905
2018-02-22 01:26:00+00:00,3.260732889175415,0.39954671263694763,1,1.318664312362671,0.3273128271102905
2018-02-22 01:27:00+00:00,2.3718106746673584,-0.3153386414051056,1,1.318664312362671,0.3273128271102905
2018-02-22 01:28:00+00:00,2.7579991817474365,0.015955135226249695,1,1.318664312362671,0.3273128271102905
2018-02-22 01:29:00+00:00,2.562915086746216,-0.14690904319286346,1,1.318664312362671,0.3273128271102905
2018-02-22 01:30:00+00:00,2.3304359912872314,-0.35306018590927124,1,1.318664312362671,0.3273128271102905
2018-02-22 01:31:00+00:00,2.39705753326416,-0.2925480902194977,1,1.318664312362671,0.3273128271102905
2018-02-22 01:32:00+00:00,2.711251974105835,-0.022287584841251373,1,1.318664312362671,0.3273128271102905
2018-02-22 01:33:00+00:00,2.060764789581299,-0.6110345721244812,1,1.318664312362671,0.3273128271102905
2018-02-22 01:34:00+00:00,2.9425411224365234,0.16241693496704102,1,1.318664312362671,0.3273128271102905
2018-02-22 01:35:00+00:00,2.768894910812378,0.024800606071949005,1,1.318664312362671,0.3273128271102905
2018-02-22 01:36:00+00:00,2.1984479427337646,-0.4766039550304413,1,1.318664312362671,0.3273128271102905
2018-02-22 01:37:00+00:00,2.550570249557495,-0.15751326084136963,1,1.318664312362671,0.3273128271102905
2018-02-22 01:38:00+00:00,2.6550211906433105,-0.0689321756362915,1,1.318664312362671,0.3273128271102905
2018-02-22 01:39:00+00:00,2.3411383628845215,-0.34325793385505676,1,1.318664312362671,0.3273128271102905
2018-02-22 01:40:00+00:00,2.465730667114258,-0.23140190541744232,1,1.318664312362671,0.3273128271102905
2018-02-22 01:41:00+00:00,2.2858645915985107,-0.3942238390445709,1,1.318664312362671,0.3273128271102905
2018-02-22 01:42:00+00:00,2.960763931274414,0.17650587856769562,1,1.318664312362671,0.3273128271102905
2018-02-22 01:43:00+00:00,4.129985332489014,0.9667767882347107,1,1.318664312362671,0.3273128271102905
2018-02-22 01:44:00+00:00,2.71610951423645,-0.018291516229510307,1,1.318664312362671,0.3273128271102905
2018-02-22 01:45:00+00:00,2.439021348953247,-0.2550385296344757,1,1.318664312362671,0.3273128271102905
2018-02-22 01:46:00+00:00,2.876508951187134,0.1108136773109436,1,1.318664312362671,0.3273128271102905
2018-02-22 01:47:00+00:00,2.407050371170044,-0.28357404470443726,1,1.318664312362671,0.3273128271102905
2018-02-22 01:48:00+00:00,2.6396822929382324,-0.08178099989891052,1,1.318664312362671,0.3273128271102905
2018-02-22 01:49:00+00:00,2.334190845489502,-0.3496173322200775,1,1.318664312362671,0.3273128271102905
2018-02-22 01:50:00+00:00,2.3873167037963867,-0.3013210892677307,1,1.318664312362671,0.3273128271102905
2018-02-22 01:51:00+00:00,3.410708427429199,0.5052385330200195,1,1.318664312362671,0.3273128271102905
2018-02-22 01:52:00+00:00,2.7679364681243896,0.0240233913064003,1,1.318664312362671,0.3273128271102905
2018-02-22 01:53:00+00:00,2.5203604698181152,-0.1836191862821579,1,1.318664312362671,0.3273128271102905
2018-02-22 01:54:00+00:00,2.6974008083343506,-0.03371163457632065,1,1.318664312362671,0.3273128271102905
2018-02-22 01:55:00+00:00,3.4989123344421387,0.5657320618629456,1,1.318664312362671,0.3273128271102905
2018-02-22 01:56:00+00:00,3.0785932540893555,0.266069233417511,1,1.318664312362671,0.3273128271102905
2018-02-22 01:57:00+00:00,2.950169563293457,0.16832289099693298,1,1.318664312362671,0.3273128271102905
2018-02-22 01:58:00+00:00,3.483004570007324,0.5549100637435913,1,1.318664312362671,0.3273128271102905
2018-02-22 01:59:00+00:00,2.869016647338867,0.1049029752612114,1,1.318664312362671,0.3273128271102905
2018-02-22 02:00:00+00:00,3.604675054550171,0.6367238163948059,1,1.318664312362671,0.3273128271102905
2018-02-22 02:01:00+00:00,2.9925436973571777,0.20092152059078217,1,1.318664312362671,0.3273128271102905
2018-02-22 02:02:00+00:00,9.014219284057617,3.0103976726531982,1,1.318664312362671,0.3273128271102905
2018-02-22 02:03:00+00:00,2.5237109661102295,-0.18071281909942627,1,1.318664312362671,0.3273128271102905
2018-02-22 02:04:00+00:00,3.055356502532959,0.24861319363117218,1,1.318664312362671,0.3273128271102905
2018-02-22 02:05:00+00:00,2.27781343460083,-0.4017188251018524,1,1.318664312362671,0.3273128271102905
2018-02-22 02:06:00+00:00,2.46209716796875,-0.2346065640449524,1,1.318664312362671,0.3273128271102905
2018-02-22 02:07:00+00:00,2.513676166534424,-0.18942572176456451,1,1.318664312362671,0.3273128271102905
2018-02-22 02:08:00+00:00,2.7066164016723633,-0.02610628493130207,1,1.318664312362671,0.3273128271102905
2018-02-22 02:09:00+00:00,2.642472982406616,-0.07943914830684662,1,1.318664312362671,0.3273128271102905
2018-02-22 02:10:00+00:00,4.101089954376221,0.9495195746421814,1,1.318664312362671,0.3273128271102905
2018-02-22 02:11:00+00:00,2.565355062484741,-0.1448177695274353,1,1.318664312362671,0.3273128271102905
2018-02-22 02:12:00+00:00,2.5717294216156006,-0.13936014473438263,1,1.318664312362671,0.3273128271102905
2018-02-22 02:13:00+00:00,2.79978346824646,0.04973778873682022,1,1.318664312362671,0.3273128271102905
2018-02-22 02:14:00+00:00,2.6272740364074707,-0.09221440553665161,1,1.318664312362671,0.3273128271102905
2018-02-22 02:15:00+00:00,2.581092596054077,-0.13136181235313416,1,1.318664312362671,0.3273128271102905
2018-02-22 02:16:00+00:00,2.6118364334106445,-0.10524459928274155,1,1.318664312362671,0.3273128271102905
2018-02-22 02:17:00+00:00,2.810577630996704,0.058404434472322464,1,1.318664312362671,0.3273128271102905
2018-02-22 02:18:00+00:00,2.747389316558838,0.007317626383155584,1,1.318664312362671,0.3273128271102905
2018-02-22 02:19:00+00:00,2.613530158996582,-0.10381254553794861,1,1.318664312362671,0.3273128271102905
2018-02-22 02:20:00+00:00,2.530468463897705,-0.17485930025577545,1,1.318664312362671,0.3273128271102905
2018-02-22 02:21:00+00:00,2.9973201751708984,0.20457449555397034,1,1.318664312362671,0.3273128271102905
2018-02-22 02:22:00+00:00,3.258934497833252,0.3982570469379425,1,1.318664312362671,0.3273128271102905
2018-02-22 02:23:00+00:00,2.5457050800323486,-0.16170234978199005,1,1.318664312362671,0.3273128271102905
2018-02-22 02:24:00+00:00,2.5730080604553223,-0.13826680183410645,1,1.318664312362671,0.3273128271102905
2018-02-22 02:25:00+00:00,2.4635775089263916,-0.23330052196979523,1,1.318664312362671,0.3273128271102905
2018-02-22 02:26:00+00:00,2.4914169311523438,-0.20884190499782562,1,1.318664312362671,0.3273128271102905
2018-02-22 02:27:00+00:00,2.620922565460205,-0.09756859391927719,1,1.318664312362671,0.3273128271102905
2018-02-22 02:28:00+00:00,2.4709506034851074,-0.22680380940437317,1,1.318664312362671,0.3273128271102905
2018-02-22 02:29:00+00:00,2.1184568405151367,-0.5539838671684265,1,1.318664312362671,0.3273128271102905
2018-02-22 02:30:00+00:00,2.1202504634857178,-0.5522273182868958,1,1.318664312362671,0.3273128271102905
2018-02-22 02:31:00+00:00,2.3689746856689453,-0.3179095685482025,1,1.318664312362671,0.3273128271102905
2018-02-22 02:32:00+00:00,3.1752877235412598,0.33765536546707153,1,1.318664312362671,0.3273128271102905
2018-02-22 02:33:00+00:00,2.1383421421051025,-0.5345640778541565,1,1.318664312362671,0.3273128271102905
2018-02-22 02:34:00+00:00,2.2849466800689697,-0.39507752656936646,1,1.318664312362671,0.3273128271102905
2018-02-22 02:35:00+00:00,3.184497833251953,0.34438735246658325,1,1.318664312362671,0.3273128271102905
2018-02-22 02:36:00+00:00,2.0219194889068604,-0.6500574350357056,1,1.318664312362671,0.3273128271102905
2018-02-22 02:37:00+00:00,2.3288321495056152,-0.35453158617019653,1,1.318664312362671,0.3273128271102905
2018-02-22 02:38:00+00:00,2.395336151123047,-0.29409632086753845,1,1.318664312362671,0.3273128271102905
2018-02-22 02:39:00+00:00,2.2754478454589844,-0.40392446517944336,1,1.318664312362671,0.3273128271102905
2018-02-22 02:40:00+00:00,2.46720027923584,-0.23010680079460144,1,1.318664312362671,0.3273128271102905
2018-02-22 02:41:00+00:00,2.0288095474243164,-0.6430992484092712,1,1.318664312362671,0.3273128271102905
2018-02-22 02:42:00+00:00,1.9455078840255737,-0.7283034324645996,1,1.318664312362671,0.3273128271102905
2018-02-22 02:43:00+00:00,2.717050075531006,-0.017518308013677597,1,1.318664312362671,0.3273128271102905
2018-02-22 02:44:00+00:00,2.0325756072998047,-0.6393027901649475,1,1.318664312362671,0.3273128271102905
2018-02-22 02:45:00+00:00,2.367722988128662,-0.3190447986125946,1,1.318664312362671,0.3273128271102905
2018-02-22 02:46:00+00:00,2.329885959625244,-0.35356462001800537,1,1.318664312362671,0.3273128271102905
2018-02-22 02:47:00+00:00,2.2490134239196777,-0.4286813735961914,1,1.318664312362671,0.3273128271102905
2018-02-22 02:48:00+00:00,2.38767147064209,-0.3010009527206421,1,1.318664312362671,0.3273128271102905
2018-02-22 02:49:00+00:00,2.2407994270324707,-0.43641528487205505,1,1.318664312362671,0.3273128271102905
2018-02-22 02:50:00+00:00,1.8540425300598145,-0.8246785402297974,1,1.318664312362671,0.3273128271102905
2018-02-22 02:51:00+00:00,2.7880780696868896,0.040311411023139954,1,1.318664312362671,0.3273128271102905
2018-02-22 02:52:00+00:00,2.8016865253448486,0.05126745626330376,1,1.318664312362671,0.3273128271102905
2018-02-22 02:53:00+00:00,2.1794121265411377,-0.4948415756225586,1,1.318664312362671,0.3273128271102905
2018-02-22 02:54:00+00:00,2.349766969680786,-0.3353779911994934,1,1.318664312362671,0.3273128271102905
2018-02-22 02:55:00+00:00,2.3825159072875977,-0.30565404891967773,1,1.318664312362671,0.3273128271102905
2018-02-22 02:56:00+00:00,3.2494382858276367,0.391437292098999,1,1.318664312362671,0.3273128271102905
2018-02-22 02:57:00+00:00,2.321733236312866,-0.3610541522502899,1,1.318664312362671,0.3273128271102905
2018-02-22 02:58:00+00:00,2.899688482284546,0.1290276199579239,1,1.318664312362671,0.3273128271102905
2018-02-22 02:59:00+00:00,2.632734775543213,-0.08761812746524811,1,1.318664312362671,0.3273128271102905
2018-02-22 03:00:00+00:00,2.189596652984619,-0.4850706458091736,1,1.318664312362671,0.3273128271102905
2018-02-22 03:01:00+00:00,2.456444501876831,-0.2395990937948227,1,1.318664312362671,0.3273128271102905
2018-02-22 03:02:00+00:00,2.787132978439331,0.03954912722110748,1,1.318664312362671,0.3273128271102905
2018-02-22 03:03:00+00:00,2.0740554332733154,-0.597797155380249,1,1.318664312362671,0.3273128271102905
2018-02-22 03:04:00+00:00,2.725867748260498,-0.010279349982738495,1,1.318664312362671,0.3273128271102905
2018-02-22 03:05:00+00:00,2.8585433959960938,0.09662129729986191,1,1.318664312362671,0.3273128271102905
2018-02-22 03:06:00+00:00,2.0938820838928223,-0.578155517578125,1,1.318664312362671,0.3273128271102905
2018-02-22 03:07:00+00:00,2.236713409423828,-0.44026967883110046,1,1.318664312362671,0.3273128271102905
2018-02-22 03:08:00+00:00,2.2053475379943848,-0.4700205624103546,1,1.318664312362671,0.3273128271102905
2018-02-22 03:09:00+00:00,1.867045521736145,-0.810791015625,1,1.318664312362671,0.3273128271102905
2018-02-22 03:10:00+00:00,1.7413296699523926,-0.9477819800376892,1,1.318664312362671,0.3273128271102905
2018-02-22 03:11:00+00:00,1.9626352787017822,-0.7105898857116699,1,1.318664312362671,0.3273128271102905
2018-02-22 03:12:00+00:00,2.401292562484741,-0.28874140977859497,1,1.318664312362671,0.3273128271102905
2018-02-22 03:13:00+00:00,2.4401848316192627,-0.25400489568710327,1,1.318664312362671,0.3273128271102905
2018-02-22 03:14:00+00:00,1.9332294464111328,-0.7410655617713928,1,1.318664312362671,0.3273128271102905
2018-02-22 03:15:00+00:00,2.151381492614746,-0.521896243095398,1,1.318664312362671,0.3273128271102905
2018-02-22 03:16:00+00:00,2.061410427093506,-0.610390305519104,1,1.318664312362671,0.3273128271102905
2018-02-22 03:17:00+00:00,2.2409143447875977,-0.43630674481391907,1,1.318664312362671,0.3273128271102905
2018-02-22 03:18:00+00:00,2.0180695056915283,-0.6539522409439087,1,1.318664312362671,0.3273128271102905
2018-02-22 03:19:00+00:00,2.1897192001342773,-0.484953373670578,1,1.318664312362671,0.3273128271102905
2018-02-22 03:20:00+00:00,2.7350895404815674,-0.002726810285821557,1,1.318664312362671,0.3273128271102905
2018-02-22 03:21:00+00:00,2.2213358879089355,-0.45481935143470764,1,1.318664312362671,0.3273128271102905
2018-02-22 03:22:00+00:00,2.2087643146514893,-0.4667656719684601,1,1.318664312362671,0.3273128271102905
2018-02-22 03:23:00+00:00,2.075437307357788,-0.5964241027832031,1,1.318664312362671,0.3273128271102905
2018-02-22 03:24:00+00:00,2.3566651344299316,-0.3290928900241852,1,1.318664312362671,0.3273128271102905
2018-02-22 03:25:00+00:00,2.745237112045288,0.005562153644859791,1,1.318664312362671,0.3273128271102905
2018-02-22 03:26:00+00:00,1.7573981285095215,-0.9299263954162598,1,1.318664312362671,0.3273128271102905
2018-02-22 03:27:00+00:00,2.044684886932373,-0.6271277666091919,1,1.318664312362671,0.3273128271102905
2018-02-22 03:28:00+00:00,2.0776400566101074,-0.5942366719245911,1,1.318664312362671,0.3273128271102905
2018-02-22 03:29:00+00:00,1.8035027980804443,-0.8792650103569031,1,1.318664312362671,0.3273128271102905
2018-02-22 03:30:00+00:00,2.1312031745910645,-0.5415214896202087,1,1.318664312362671,0.3273128271102905
2018-02-22 03:31:00+00:00,2.4424991607666016,-0.2519504129886627,1,1.318664312362671,0.3273128271102905
2018-02-22 03:32:00+00:00,2.0218253135681152,-0.6501525044441223,1,1.318664312362671,0.3273128271102905
2018-02-22 03:33:00+00:00,2.094996929168701,-0.577054500579834,1,1.318664312362671,0.3273128271102905
2018-02-22 03:34:00+00:00,2.273216962814331,-0.4060062766075134,1,1.318664312362671,0.3273128271102905
2018-02-22 03:35:00+00:00,2.143223762512207,-0.5298155546188354,1,1.318664312362671,0.3273128271102905
2018-02-22 03:36:00+00:00,2.051924228668213,-0.6198720335960388,1,1.318664312362671,0.3273128271102905
2018-02-22 03:37:00+00:00,2.344865560531616,-0.3398515284061432,1,1.318664312362671,0.3273128271102905
2018-02-22 03:38:00+00:00,1.8900418281555176,-0.786383330821991,1,1.318664312362671,0.3273128271102905
2018-02-22 03:39:00+00:00,2.521810531616211,-0.18236084282398224,1,1.318664312362671,0.3273128271102905
2018-02-22 03:40:00+00:00,2.050680160522461,-0.6211175918579102,1,1.318664312362671,0.3273128271102905
2018-02-22 03:41:00+00:00,1.897873044013977,-0.7781158685684204,1,1.318664312362671,0.3273128271102905
2018-02-22 03:42:00+00:00,2.1655988693237305,-0.508144199848175,1,1.318664312362671,0.3273128271102905
2018-02-22 03:43:00+00:00,2.001727342605591,-0.6705403327941895,1,1.318664312362671,0.3273128271102905
2018-02-22 03:44:00+00:00,2.046113967895508,-0.6256938576698303,1,1.318664312362671,0.3273128271102905
2018-02-22 03:45:00+00:00,2.19580078125,-0.4791337251663208,1,1.318664312362671,0.3273128271102905
2018-02-22 03:46:00+00:00,2.0821070671081543,-0.5898053646087646,1,1.318664312362671,0.3273128271102905
2018-02-22 03:47:00+00:00,2.07458758354187,-0.597268283367157,1,1.318664312362671,0.3273128271102905
2018-02-22 03:48:00+00:00,2.380173683166504,-0.30777043104171753,1,1.318664312362671,0.3273128271102905
2018-02-22 03:49:00+00:00,2.6824257373809814,-0.04611066356301308,1,1.318664312362671,0.3273128271102905
2018-02-22 03:50:00+00:00,1.9218261241912842,-0.7529663443565369,1,1.318664312362671,0.3273128271102905
2018-02-22 03:51:00+00:00,2.020847797393799,-0.6511409282684326,1,1.318664312362671,0.3273128271102905
2018-02-22 03:52:00+00:00,2.533292770385742,-0.17241621017456055,1,1.318664312362671,0.3273128271102905
2018-02-22 03:53:00+00:00,2.451969623565674,-0.2435569167137146,1,1.318664312362671,0.3273128271102905
2018-02-22 03:54:00+00:00,2.056759834289551,-0.6150349974632263,1,1.318664312362671,0.3273128271102905
2018-02-22 03:55:00+00:00,4.489132404327393,1.1735131740570068,1,1.318664312362671,0.3273128271102905
2018-02-22 03:56:00+00:00,2.198432445526123,-0.4766188859939575,1,1.318664312362671,0.3273128271102905
2018-02-22 03:57:00+00:00,1.972946286201477,-0.6999751329421997,1,1.318664312362671,0.3273128271102905
2018-02-22 03:58:00+00:00,3.4883100986480713,0.5585233569145203,1,1.318664312362671,0.3273128271102905
2018-02-22 03:59:00+00:00,2.630181312561035,-0.08976657688617706,1,1.318664312362671,0.3273128271102905
2018-02-22 04:00:00+00:00,2.110713481903076,-0.5615794062614441,1,1.318664312362671,0.3273128271102905
2018-02-22 04:01:00+00:00,2.7560219764709473,0.014347530901432037,1,1.318664312362671,0.3273128271102905
2018-02-22 04:02:00+00:00,2.1176719665527344,-0.5547530651092529,1,1.318664312362671,0.3273128271102905
2018-02-22 04:03:00+00:00,2.5038938522338867,-0.19794340431690216,1,1.318664312362671,0.3273128271102905
2018-02-22 04:04:00+00:00,2.245795965194702,-0.43170827627182007,1,1.318664312362671,0.3273128271102905
2018-02-22 04:05:00+00:00,2.1649208068847656,-0.5087986588478088,1,1.318664312362671,0.3273128271102905
2018-02-22 04:06:00+00:00,2.7349772453308105,-0.0028185900300741196,1,1.318664312362671,0.3273128271102905
2018-02-22 04:07:00+00:00,2.371405601501465,-0.3157057762145996,1,1.318664312362671,0.3273128271102905
2018-02-22 04:08:00+00:00,2.164064884185791,-0.5096246600151062,1,1.318664312362671,0.3273128271102905
2018-02-22 04:09:00+00:00,2.4366886615753174,-0.2571115791797638,1,1.318664312362671,0.3273128271102905
2018-02-22 04:10:00+00:00,1.958786964416504,-0.714560866355896,1,1.318664312362671,0.3273128271102905
2018-02-22 04:11:00+00:00,2.4510498046875,-0.24437129497528076,1,1.318664312362671,0.3273128271102905
2018-02-22 04:12:00+00:00,2.0160257816314697,-0.6560216546058655,1,1.318664312362671,0.3273128271102905
2018-02-22 04:13:00+00:00,2.0960988998413086,-0.575967013835907,1,1.318664312362671,0.3273128271102905
2018-02-22 04:14:00+00:00,3.1284165382385254,0.3031643331050873,1,1.318664312362671,0.3273128271102905
2018-02-22 04:15:00+00:00,2.862065315246582,0.09940893203020096,1,1.318664312362671,0.3273128271102905
2018-02-22 04:16:00+00:00,2.0585203170776367,-0.6132758855819702,1,1.318664312362671,0.3273128271102905
2018-02-22 04:17:00+00:00,2.93609356880188,0.15741638839244843,1,1.318664312362671,0.3273128271102905
2018-02-22 04:18:00+00:00,2.8916845321655273,0.12275052815675735,1,1.318664312362671,0.3273128271102905
2018-02-22 04:19:00+00:00,2.578613042831421,-0.1334778517484665,1,1.318664312362671,0.3273128271102905
2018-02-22 04:20:00+00:00,2.2884039878845215,-0.3918634057044983,1,1.318664312362671,0.3273128271102905
2018-02-22 04:21:00+00:00,3.155343532562256,0.3230266571044922,1,1.318664312362671,0.3273128271102905
2018-02-22 04:22:00+00:00,5.500976085662842,1.6903949975967407,1,1.318664312362671,0.3273128271102905
2018-02-22 04:23:00+00:00,1.8928992748260498,-0.7833641171455383,1,1.318664312362671,0.3273128271102905
2018-02-22 04:24:00+00:00,2.5599985122680664,-0.1494111269712448,1,1.318664312362671,0.3273128271102905
2018-02-22 04:25:00+00:00,2.292043447494507,-0.3884839415550232,1,1.318664312362671,0.3273128271102905
2018-02-22 04:26:00+00:00,2.4280331134796143,-0.2648159861564636,1,1.318664312362671,0.3273128271102905
2018-02-22 04:27:00+00:00,2.4193618297576904,-0.2725539207458496,1,1.318664312362671,0.3273128271102905
2018-02-22 04:28:00+00:00,2.1519670486450195,-0.5213288068771362,1,1.318664312362671,0.3273128271102905
2018-02-22 04:29:00+00:00,2.2525362968444824,-0.42537036538124084,1,1.318664312362671,0.3273128271102905
2018-02-22 04:30:00+00:00,3.9826037883758545,0.8777178525924683,1,1.318664312362671,0.3273128271102905
2018-02-22 04:31:00+00:00,2.0826759338378906,-0.5892415642738342,1,1.318664312362671,0.3273128271102905
2018-02-22 04:32:00+00:00,2.9418933391571045,0.16191504895687103,1,1.318664312362671,0.3273128271102905
2018-02-22 04:33:00+00:00,2.254854440689087,-0.42319387197494507,1,1.318664312362671,0.3273128271102905
2018-02-22 04:34:00+00:00,2.2786734104156494,-0.40091758966445923,1,1.318664312362671,0.3273128271102905
2018-02-22 04:35:00+00:00,2.190375328063965,-0.48432475328445435,1,1.318664312362671,0.3273128271102905
2018-02-22 04:36:00+00:00,2.0668623447418213,-0.6049541234970093,1,1.318664312362671,0.3273128271102905
2018-02-22 04:37:00+00:00,2.908479690551758,0.1359070986509323,1,1.318664312362671,0.3273128271102905
2018-02-22 04:38:00+00:00,2.415397882461548,-0.2760976254940033,1,1.318664312362671,0.3273128271102905
2018-02-22 04:39:00+00:00,2.412416934967041,-0.2787654399871826,1,1.318664312362671,0.3273128271102905
2018-02-22 04:40:00+00:00,2.526045322418213,-0.17868965864181519,1,1.318664312362671,0.3273128271102905
2018-02-22 04:41:00+00:00,1.95881986618042,-0.7145269513130188,1,1.318664312362671,0.3273128271102905
2018-02-22 04:42:00+00:00,2.8846435546875,0.11721787601709366,1,1.318664312362671,0.3273128271102905
2018-02-22 04:43:00+00:00,2.058966875076294,-0.6128297448158264,1,1.318664312362671,0.3273128271102905
2018-02-22 04:44:00+00:00,2.2440152168273926,-0.43338507413864136,1,1.318664312362671,0.3273128271102905
2018-02-22 04:45:00+00:00,2.1594743728637695,-0.5140607357025146,1,1.318664312362671,0.3273128271102905
2018-02-22 04:46:00+00:00,2.208265542984009,-0.467240571975708,1,1.318664312362671,0.3273128271102905
2018-02-22 04:47:00+00:00,2.2216148376464844,-0.45455455780029297,1,1.318664312362671,0.3273128271102905
2018-02-22 04:48:00+00:00,2.298969030380249,-0.38206371665000916,1,1.318664312362671,0.3273128271102905
2018-02-22 04:49:00+00:00,2.536632776260376,-0.1695295125246048,1,1.318664312362671,0.3273128271102905
2018-02-22 04:50:00+00:00,2.3127129077911377,-0.36936166882514954,1,1.318664312362671,0.3273128271102905
2018-02-22 04:51:00+00:00,4.136924743652344,0.9709068536758423,1,1.318664312362671,0.3273128271102905
2018-02-22 04:52:00+00:00,2.3857715129852295,-0.30271491408348083,1,1.318664312362671,0.3273128271102905
2018-02-22 04:53:00+00:00,2.427159547805786,-0.2655946612358093,1,1.318664312362671,0.3273128271102905
2018-02-22 04:54:00+00:00,2.688642978668213,-0.040956784039735794,1,1.318664312362671,0.3273128271102905
2018-02-22 04:55:00+00:00,2.3738343715667725,-0.3135055899620056,1,1.318664312362671,0.3273128271102905
2018-02-22 04:56:00+00:00,2.4811837673187256,-0.2178097516298294,1,1.318664312362671,0.3273128271102905
2018-02-22 04:57:00+00:00,2.3150811195373535,-0.36717861890792847,1,1.318664312362671,0.3273128271102905
2018-02-22 04:58:00+00:00,2.4314372539520264,-0.2617835998535156,1,1.318664312362671,0.3273128271102905
2018-02-22 04:59:00+00:00,2.3291549682617188,-0.3542354702949524,1,1.318664312362671,0.3273128271102905
2018-02-22 05:00:00+00:00,2.568514347076416,-0.14211171865463257,1,1.318664312362671,0.3273128271102905
2018-02-22 05:01:00+00:00,2.421802043914795,-0.27037450671195984,1,1.318664312362671,0.3273128271102905
2018-02-22 05:02:00+00:00,2.074014663696289,-0.5978375673294067,1,1.318664312362671,0.3273128271102905
2018-02-22 05:03:00+00:00,2.1891298294067383,-0.4855178892612457,1,1.318664312362671,0.3273128271102905
2018-02-22 05:04:00+00:00,2.283468723297119,-0.3964524269104004,1,1.318664312362671,0.3273128271102905
2018-02-22 05:05:00+00:00,2.6230010986328125,-0.09581530839204788,1,1.318664312362671,0.3273128271102905
2018-02-22 05:06:00+00:00,2.2463433742523193,-0.4311932921409607,1,1.318664312362671,0.3273128271102905
2018-02-22 05:07:00+00:00,2.4416310787200928,-0.25272107124328613,1,1.318664312362671,0.3273128271102905
2018-02-22 05:08:00+00:00,2.0619053840637207,-0.6098964214324951,1,1.318664312362671,0.3273128271102905
2018-02-22 05:09:00+00:00,2.2801482677459717,-0.399543434381485,1,1.318664312362671,0.3273128271102905
2018-02-22 05:10:00+00:00,2.4560952186584473,-0.23990795016288757,1,1.318664312362671,0.3273128271102905
2018-02-22 05:11:00+00:00,3.3159189224243164,0.4388645589351654,1,1.318664312362671,0.3273128271102905
2018-02-22 05:12:00+00:00,2.381422519683838,-0.30664175748825073,1,1.318664312362671,0.3273128271102905
2018-02-22 05:13:00+00:00,2.3814406394958496,-0.3066253662109375,1,1.318664312362671,0.3273128271102905
2018-02-22 05:14:00+00:00,2.771172523498535,0.02664640173316002,1,1.318664312362671,0.3273128271102905
2018-02-22 05:15:00+00:00,2.530832290649414,-0.17454461753368378,1,1.318664312362671,0.3273128271102905
2018-02-22 05:16:00+00:00,2.7114930152893066,-0.022089092060923576,1,1.318664312362671,0.3273128271102905
2018-02-22 05:17:00+00:00,2.6614434719085693,-0.06356887519359589,1,1.318664312362671,0.3273128271102905
2018-02-22 05:18:00+00:00,2.641223669052124,-0.08048733323812485,1,1.318664312362671,0.3273128271102905
2018-02-22 05:19:00+00:00,2.685945510864258,-0.04319191724061966,1,1.318664312362671,0.3273128271102905
2018-02-22 05:20:00+00:00,3.2912814617156982,0.4213739335536957,1,1.318664312362671,0.3273128271102905
2018-02-22 05:21:00+00:00,2.4819369316101074,-0.21714870631694794,1,1.318664312362671,0.3273128271102905
2018-02-22 05:22:00+00:00,2.2509870529174805,-0.4268260896205902,1,1.318664312362671,0.3273128271102905
2018-02-22 05:23:00+00:00,2.4551618099212646,-0.24073323607444763,1,1.318664312362671,0.3273128271102905
2018-02-22 05:24:00+00:00,2.4558706283569336,-0.24010643362998962,1,1.318664312362671,0.3273128271102905
2018-02-22 05:25:00+00:00,2.4103622436523438,-0.28060540556907654,1,1.318664312362671,0.3273128271102905
2018-02-22 05:26:00+00:00,2.485036849975586,-0.21442991495132446,1,1.318664312362671,0.3273128271102905
2018-02-22 05:27:00+00:00,2.3245065212249756,-0.3585043251514435,1,1.318664312362671,0.3273128271102905
2018-02-22 05:28:00+00:00,2.412584066390991,-0.2786157429218292,1,1.318664312362671,0.3273128271102905
2018-02-22 05:29:00+00:00,15.095296859741211,4.460144996643066,1,1.318664312362671,0.3273128271102905
2018-02-22 05:30:00+00:00,38.103919982910156,7.172216415405273,1,1.318664312362671,0.3273128271102905
2018-02-22 08:22:00+00:00,8.664499282836914,2.9017958641052246,1,1.318664312362671,0.3273128271102905
2018-02-22 08:23:00+00:00,6.815466403961182,2.253013849258423,1,1.318664312362671,0.3273128271102905
2018-02-22 08:24:00+00:00,3.4279279708862305,0.517142653465271,1,1.318664312362671,0.3273128271102905
2018-02-22 08:25:00+00:00,13.780502319335938,4.1997880935668945,1,1.318664312362671,0.3273128271102905
2018-02-22 08:26:00+00:00,11.251182556152344,3.6263720989227295,1,1.318664312362671,0.3273128271102905
2018-02-22 08:27:00+00:00,9.513447761535645,3.159029483795166,1,1.318664312362671,0.3273128271102905
2018-02-22 08:28:00+00:00,5.290839195251465,1.5900086164474487,1,1.318664312362671,0.3273128271102905
2018-02-22 08:29:00+00:00,5.806520462036133,1.8307156562805176,1,1.318664312362671,0.3273128271102905
2018-02-22 08:30:00+00:00,6.916102409362793,2.292102575302124,1,1.318664312362671,0.3273128271102905
2018-02-22 08:31:00+00:00,5.329235076904297,1.608599066734314,1,1.318664312362671,0.3273128271102905
2018-02-22 08:32:00+00:00,8.522013664245605,2.856417179107666,1,1.318664312362671,0.3273128271102905
2018-02-22 08:33:00+00:00,2.6345648765563965,-0.08607935905456543,1,1.318664312362671,0.3273128271102905
2018-02-22 08:34:00+00:00,2.593204975128174,-0.12104567885398865,1,1.318664312362671,0.3273128271102905
2018-02-22 08:35:00+00:00,2.4573686122894287,-0.23878218233585358,1,1.318664312362671,0.3273128271102905
2018-02-22 08:36:00+00:00,2.7515676021575928,0.010722223669290543,1,1.318664312362671,0.3273128271102905
2018-02-22 08:37:00+00:00,3.656278133392334,0.6707716584205627,1,1.318664312362671,0.3273128271102905
2018-02-22 08:38:00+00:00,2.695098400115967,-0.035614609718322754,1,1.318664312362671,0.3273128271102905
2018-02-22 08:39:00+00:00,2.618096351623535,-0.09995414316654205,1,1.318664312362671,0.3273128271102905
2018-02-22 08:40:00+00:00,2.4450674057006836,-0.24967193603515625,1,1.318664312362671,0.3273128271102905
2018-02-22 08:41:00+00:00,3.168309211730957,0.33254483342170715,1,1.318664312362671,0.3273128271102905
2018-02-22 08:42:00+00:00,2.8140928745269775,0.061221569776535034,1,1.318664312362671,0.3273128271102905
2018-02-22 08:43:00+00:00,2.644669771194458,-0.0775969997048378,1,1.318664312362671,0.3273128271102905
2018-02-22 08:44:00+00:00,2.2304582595825195,-0.4461796283721924,1,1.318664312362671,0.3273128271102905
2018-02-22 08:45:00+00:00,2.6559977531433105,-0.06811598688364029,1,1.318664312362671,0.3273128271102905
2018-02-22 08:46:00+00:00,2.480706214904785,-0.21822895109653473,1,1.318664312362671,0.3273128271102905
2018-02-22 08:47:00+00:00,2.4777183532714844,-0.22085268795490265,1,1.318664312362671,0.3273128271102905
2018-02-22 08:48:00+00:00,2.454777240753174,-0.24107304215431213,1,1.318664312362671,0.3273128271102905
2018-02-22 08:49:00+00:00,6.057659149169922,1.941412329673767,1,1.318664312362671,0.3273128271102905
2018-02-22 08:50:00+00:00,4.638872146606445,1.2557399272918701,1,1.318664312362671,0.3273128271102905
2018-02-22 08:51:00+00:00,3.1420071125030518,0.31320512294769287,1,1.318664312362671,0.3273128271102905
2018-02-22 08:52:00+00:00,2.306213855743408,-0.3753616213798523,1,1.318664312362671,0.3273128271102905
2018-02-22 08:53:00+00:00,2.79262113571167,0.04397350177168846,1,1.318664312362671,0.3273128271102905
2018-02-22 08:54:00+00:00,2.4872236251831055,-0.21251346170902252,1,1.318664312362671,0.3273128271102905
2018-02-22 08:55:00+00:00,2.7138006687164307,-0.020190123468637466,1,1.318664312362671,0.3273128271102905
2018-02-22 08:56:00+00:00,2.6375598907470703,-0.08356305956840515,1,1.318664312362671,0.3273128271102905
2018-02-22 08:57:00+00:00,2.7573776245117188,0.01544998213648796,1,1.318664312362671,0.3273128271102905
2018-02-22 08:58:00+00:00,2.2889676094055176,-0.391340047121048,1,1.318664312362671,0.3273128271102905
2018-02-22 08:59:00+00:00,2.2365121841430664,-0.4404594302177429,1,1.318664312362671,0.3273128271102905
2018-02-22 09:00:00+00:00,2.659651279449463,-0.06506466865539551,1,1.318664312362671,0.3273128271102905
2018-02-22 09:01:00+00:00,2.4323596954345703,-0.2609623372554779,1,1.318664312362671,0.3273128271102905
2018-02-22 09:02:00+00:00,159.14572143554688,-0.19129790365695953,2,5.079409122467041,0.01738119125366211
2018-02-22 09:03:00+00:00,167.12327575683594,2.605607509613037,2,5.079409122467041,0.01738119125366211
2018-02-22 09:04:00+00:00,159.72030639648438,0.014759540557861328,2,5.079409122467041,0.01738119125366211
2018-02-22 09:05:00+00:00,159.70944213867188,0.010863899253308773,2,5.079409122467041,0.01738119125366211
2018-02-22 09:06:00+00:00,159.69131469726562,0.004389454144984484,2,5.079409122467041,0.01738119125366211
2018-02-22 09:07:00+00:00,159.35812377929688,-0.11503113806247711,2,5.079409122467041,0.01738119125366211
2018-02-22 09:08:00+00:00,159.23704528808594,-0.1584867388010025,2,5.079409122467041,0.01738119125366211
2018-02-22 09:09:00+00:00,159.39227294921875,-0.10279553383588791,2,5.079409122467041,0.01738119125366211
2018-02-22 09:10:00+00:00,159.11856079101562,-0.20106443762779236,2,5.079409122467041,0.01738119125366211
2018-02-22 09:11:00+00:00,159.3605499267578,-0.11418068408966064,2,5.079409122467041,0.01738119125366211
2018-02-22 09:12:00+00:00,159.56285095214844,-0.041644949465990067,2,5.079409122467041,0.01738119125366211
2018-02-22 09:13:00+00:00,159.51065063476562,-0.06035499647259712,2,5.079409122467041,0.01738119125366211
2018-02-22 09:14:00+00:00,159.43228149414062,-0.08844750374555588,2,5.079409122467041,0.01738119125366211
2018-02-22 09:15:00+00:00,160.12451171875,0.15928232669830322,2,5.079409122467041,0.01738119125366211
2018-02-22 09:16:00+00:00,160.4561004638672,0.27755069732666016,2,5.079409122467041,0.01738119125366211
2018-02-22 09:17:00+00:00,159.9071807861328,0.08161641657352448,2,5.079409122467041,0.01738119125366211
2018-02-22 09:18:00+00:00,159.32566833496094,-0.12669062614440918,2,5.079409122467041,0.01738119125366211
2018-02-22 09:19:00+00:00,159.3368377685547,-0.12268524616956711,2,5.079409122467041,0.01738119125366211
2018-02-22 09:20:00+00:00,159.46438598632812,-0.07692518830299377,2,5.079409122467041,0.01738119125366211
2018-02-22 09:21:00+00:00,160.0762176513672,0.14202627539634705,2,5.079409122467041,0.01738119125366211
2018-02-22 09:22:00+00:00,159.5249481201172,-0.05522482097148895,2,5.079409122467041,0.01738119125366211
2018-02-22 09:23:00+00:00,159.19886779785156,-0.17220377922058105,2,5.079409122467041,0.01738119125366211
2018-02-22 09:24:00+00:00,159.61558532714844,-0.022742860019207,2,5.079409122467041,0.01738119125366211
2018-02-22 09:25:00+00:00,159.35787963867188,-0.1151408776640892,2,5.079409122467041,0.01738119125366211
2018-02-22 09:26:00+00:00,159.38955688476562,-0.10375572741031647,2,5.079409122467041,0.01738119125366211
2018-02-22 09:27:00+00:00,159.43991088867188,-0.08570409566164017,2,5.079409122467041,0.01738119125366211
2018-02-22 09:28:00+00:00,159.71328735351562,0.012235604226589203,2,5.079409122467041,0.01738119125366211
2018-02-22 09:29:00+00:00,159.53257751464844,-0.05248141288757324,2,5.079409122467041,0.01738119125366211
2018-02-22 09:30:00+00:00,161.82086181640625,0.761817216873169,2,5.079409122467041,0.01738119125366211
2018-02-22 09:31:00+00:00,159.1970977783203,-0.17283476889133453,2,5.079409122467041,0.01738119125366211
2018-02-22 09:32:00+00:00,159.72833251953125,0.017640119418501854,2,5.079409122467041,0.01738119125366211
2018-02-22 09:33:00+00:00,159.3837127685547,-0.1058681532740593,2,5.079409122467041,0.01738119125366211
2018-02-22 09:34:00+00:00,159.38926696777344,-0.10386545956134796,2,5.079409122467041,0.01738119125366211
2018-02-22 09:35:00+00:00,159.4060821533203,-0.09782996028661728,2,5.079409122467041,0.01738119125366211
2018-02-22 09:36:00+00:00,159.61534118652344,-0.02282516285777092,2,5.079409122467041,0.01738119125366211
2018-02-22 09:37:00+00:00,159.30711364746094,-0.13335710763931274,2,5.079409122467041,0.01738119125366211
2018-02-22 09:38:00+00:00,159.80328369140625,0.044443223625421524,2,5.079409122467041,0.01738119125366211
2018-02-22 09:39:00+00:00,160.12217712402344,0.15843187272548676,2,5.079409122467041,0.01738119125366211
2018-02-22 09:40:00+00:00,159.65908813476562,-0.007160297594964504,2,5.079409122467041,0.01738119125366211
2018-02-22 09:41:00+00:00,159.4268035888672,-0.09039532393217087,2,5.079409122467041,0.01738119125366211
2018-02-22 09:42:00+00:00,159.5280303955078,-0.054100025445222855,2,5.079409122467041,0.01738119125366211
2018-02-22 09:43:00+00:00,160.59295654296875,0.32630106806755066,2,5.079409122467041,0.01738119125366211
2018-02-22 09:44:00+00:00,159.43629455566406,-0.0869935005903244,2,5.079409122467041,0.01738119125366211
2018-02-22 09:45:00+00:00,159.2250518798828,-0.16279388964176178,2,5.079409122467041,0.01738119125366211
2018-02-22 09:46:00+00:00,159.5628662109375,-0.041617512702941895,2,5.079409122467041,0.01738119125366211
2018-02-22 09:47:00+00:00,159.48890686035156,-0.06814628094434738,2,5.079409122467041,0.01738119125366211
2018-02-22 09:48:00+00:00,159.4407196044922,-0.08540231734514236,2,5.079409122467041,0.01738119125366211
2018-02-22 09:49:00+00:00,159.74989318847656,0.025349099189043045,2,5.079409122467041,0.01738119125366211
2018-02-22 09:50:00+00:00,159.56954956054688,-0.039230749011039734,2,5.079409122467041,0.01738119125366211
2018-02-22 09:51:00+00:00,159.3268280029297,-0.12627911567687988,2,5.079409122467041,0.01738119125366211
2018-02-22 09:52:00+00:00,159.48785400390625,-0.06850292533636093,2,5.079409122467041,0.01738119125366211
2018-02-22 09:53:00+00:00,159.2562713623047,-0.15160077810287476,2,5.079409122467041,0.01738119125366211
2018-02-22 09:54:00+00:00,159.33872985839844,-0.12199939787387848,2,5.079409122467041,0.01738119125366211
2018-02-22 09:55:00+00:00,159.64169311523438,-0.013387835584580898,2,5.079409122467041,0.01738119125366211
2018-02-22 09:56:00+00:00,159.319091796875,-0.12904995679855347,2,5.079409122467041,0.01738119125366211
2018-02-22 09:57:00+00:00,160.19871520996094,0.18575622141361237,2,5.079409122467041,0.01738119125366211
2018-02-22 09:58:00+00:00,159.77418518066406,0.03404570370912552,2,5.079409122467041,0.01738119125366211
2018-02-22 09:59:00+00:00,159.7248992919922,0.016405586153268814,2,5.079409122467041,0.01738119125366211
2018-02-22 10:00:00+00:00,159.38272094726562,-0.10622479766607285,2,5.079409122467041,0.01738119125366211
2018-02-22 10:01:00+00:00,159.9341583251953,0.0912732183933258,2,5.079409122467041,0.01738119125366211
2018-02-22 10:02:00+00:00,159.54270935058594,-0.04886011406779289,2,5.079409122467041,0.01738119125366211
2018-02-22 10:03:00+00:00,159.38331604003906,-0.10600532591342926,2,5.079409122467041,0.01738119125366211
2018-02-22 10:04:00+00:00,160.90826416015625,0.4384516179561615,2,5.079409122467041,0.01738119125366211
2018-02-22 10:05:00+00:00,159.58810424804688,-0.032591696828603745,2,5.079409122467041,0.01738119125366211
2018-02-22 10:06:00+00:00,159.41824340820312,-0.09346794337034225,2,5.079409122467041,0.01738119125366211
2018-02-22 10:07:00+00:00,159.65036010742188,-0.010287784039974213,2,5.079409122467041,0.01738119125366211
2018-02-22 10:08:00+00:00,159.37863159179688,-0.10767880082130432,2,5.079409122467041,0.01738119125366211
2018-02-22 10:09:00+00:00,159.18597412109375,-0.176840141415596,2,5.079409122467041,0.01738119125366211
2018-02-22 10:10:00+00:00,160.46249389648438,0.27982771396636963,2,5.079409122467041,0.01738119125366211
2018-02-22 10:11:00+00:00,159.19610595703125,-0.17319141328334808,2,5.079409122467041,0.01738119125366211
2018-02-22 10:12:00+00:00,159.36582946777344,-0.1122877299785614,2,5.079409122467041,0.01738119125366211
2018-02-22 10:13:00+00:00,161.02151489257812,0.47867000102996826,2,5.079409122467041,0.01738119125366211
2018-02-22 10:14:00+00:00,159.46951293945312,-0.07508710026741028,2,5.079409122467041,0.01738119125366211
2018-02-22 10:15:00+00:00,162.43600463867188,0.9787934422492981,2,5.079409122467041,0.01738119125366211
2018-02-22 10:16:00+00:00,161.9375457763672,0.803050696849823,2,5.079409122467041,0.01738119125366211
2018-02-22 10:17:00+00:00,159.60031127929688,-0.028202245011925697,2,5.079409122467041,0.01738119125366211
2018-02-22 10:18:00+00:00,160.0737762451172,0.1411483883857727,2,5.079409122467041,0.01738119125366211
2018-02-22 10:19:00+00:00,159.31015014648438,-0.13225974142551422,2,5.079409122467041,0.01738119125366211
2018-02-22 10:20:00+00:00,159.20912170410156,-0.16852761805057526,2,5.079409122467041,0.01738119125366211
2018-02-22 10:21:00+00:00,161.9830322265625,0.8190996050834656,2,5.079409122467041,0.01738119125366211
2018-02-22 10:22:00+00:00,161.70237731933594,0.7199528217315674,2,5.079409122467041,0.01738119125366211
2018-02-22 10:23:00+00:00,160.97523498535156,0.4622369706630707,2,5.079409122467041,0.01738119125366211
2018-02-22 10:24:00+00:00,161.97389221191406,0.8158624172210693,2,5.079409122467041,0.01738119125366211
2018-02-22 10:25:00+00:00,159.5,-0.06416833400726318,2,5.079409122467041,0.01738119125366211
2018-02-22 10:26:00+00:00,159.73709106445312,0.020767604932188988,2,5.079409122467041,0.01738119125366211
2018-02-22 10:27:00+00:00,159.5117645263672,-0.059943486005067825,2,5.079409122467041,0.01738119125366211
2018-02-22 10:28:00+00:00,159.71058654785156,0.011275410652160645,2,5.079409122467041,0.01738119125366211
2018-02-22 10:29:00+00:00,159.3309783935547,-0.12477023899555206,2,5.079409122467041,0.01738119125366211
2018-02-22 10:30:00+00:00,159.35238647460938,-0.1170886978507042,2,5.079409122467041,0.01738119125366211
2018-02-22 10:31:00+00:00,159.32652282714844,-0.12638884782791138,2,5.079409122467041,0.01738119125366211
2018-02-22 10:32:00+00:00,159.28599548339844,-0.14092892408370972,2,5.079409122467041,0.01738119125366211
2018-02-22 10:33:00+00:00,159.4246063232422,-0.09119091182947159,2,5.079409122467041,0.01738119125366211
2018-02-22 10:34:00+00:00,159.34768676757812,-0.11878960579633713,2,5.079409122467041,0.01738119125366211
2018-02-22 10:35:00+00:00,159.50318908691406,-0.06301610171794891,2,5.079409122467041,0.01738119125366211
2018-02-22 10:36:00+00:00,159.444580078125,-0.08403061330318451,2,5.079409122467041,0.01738119125366211
2018-02-22 10:37:00+00:00,160.83981323242188,0.41411757469177246,2,5.079409122467041,0.01738119125366211
2018-02-22 10:38:00+00:00,159.9094696044922,0.08243943750858307,2,5.079409122467041,0.01738119125366211
2018-02-22 10:39:00+00:00,160.36355590820312,0.2445749044418335,2,5.079409122467041,0.01738119125366211
2018-02-22 10:40:00+00:00,159.61582946777344,-0.02266055718064308,2,5.079409122467041,0.01738119125366211
2018-02-22 10:41:00+00:00,159.43873596191406,-0.08611560612916946,2,5.079409122467041,0.01738119125366211
2018-02-22 10:42:00+00:00,159.43666076660156,-0.08685632795095444,2,5.079409122467041,0.01738119125366211
2018-02-22 10:43:00+00:00,159.595458984375,-0.029958026483654976,2,5.079409122467041,0.01738119125366211
2018-02-22 10:44:00+00:00,159.8163299560547,0.04913445562124252,2,5.079409122467041,0.01738119125366211
2018-02-22 10:45:00+00:00,159.47509765625,-0.07308441400527954,2,5.079409122467041,0.01738119125366211
2018-02-22 10:46:00+00:00,159.83946228027344,0.05739211663603783,2,5.079409122467041,0.01738119125366211
2018-02-22 10:47:00+00:00,159.1837921142578,-0.17760829627513885,2,5.079409122467041,0.01738119125366211
2018-02-22 10:48:00+00:00,159.2421112060547,-0.15667608380317688,2,5.079409122467041,0.01738119125366211
2018-02-22 10:49:00+00:00,159.21864318847656,-0.16509835422039032,2,5.079409122467041,0.01738119125366211
2018-02-22 10:50:00+00:00,159.3205108642578,-0.12852871417999268,2,5.079409122467041,0.01738119125366211
2018-02-22 10:51:00+00:00,161.41233825683594,0.617294430732727,2,5.079409122467041,0.01738119125366211
2018-02-22 10:52:00+00:00,159.32806396484375,-0.12581273913383484,2,5.079409122467041,0.01738119125366211
2018-02-22 10:53:00+00:00,159.31207275390625,-0.1315739005804062,2,5.079409122467041,0.01738119125366211
2018-02-22 10:54:00+00:00,159.36463928222656,-0.1126992404460907,2,5.079409122467041,0.01738119125366211
2018-02-22 10:55:00+00:00,159.8438720703125,0.05898329243063927,2,5.079409122467041,0.01738119125366211
2018-02-22 10:56:00+00:00,159.08364868164062,-0.21360182762145996,2,5.079409122467041,0.01738119125366211
2018-02-22 10:57:00+00:00,162.27528381347656,0.9221695065498352,2,5.079409122467041,0.01738119125366211
2018-02-22 10:58:00+00:00,159.33782958984375,-0.12232860922813416,2,5.079409122467041,0.01738119125366211
2018-02-22 10:59:00+00:00,159.83270263671875,0.054977916181087494,2,5.079409122467041,0.01738119125366211
2018-02-22 11:00:00+00:00,168.98033142089844,3.2376067638397217,2,5.079409122467041,0.01738119125366211
2018-02-22 11:01:00+00:00,160.27529907226562,0.21308057010173798,2,5.079409122467041,0.01738119125366211
2018-02-22 11:02:00+00:00,159.4019317626953,-0.09931140393018723,2,5.079409122467041,0.01738119125366211
2018-02-22 11:03:00+00:00,159.97288513183594,0.10509999841451645,2,5.079409122467041,0.01738119125366211
2018-02-22 11:04:00+00:00,161.09523010253906,0.5048421025276184,2,5.079409122467041,0.01738119125366211
2018-02-22 11:05:00+00:00,160.22682189941406,0.19579710066318512,2,5.079409122467041,0.01738119125366211
2018-02-22 11:06:00+00:00,159.3724365234375,-0.10990096628665924,2,5.079409122467041,0.01738119125366211
2018-02-22 11:07:00+00:00,159.93991088867188,0.09330333769321442,2,5.079409122467041,0.01738119125366211
2018-02-22 11:08:00+00:00,159.63522338867188,-0.015719734132289886,2,5.079409122467041,0.01738119125366211
2018-02-22 11:09:00+00:00,160.0808563232422,0.14367233216762543,2,5.079409122467041,0.01738119125366211
2018-02-22 11:10:00+00:00,159.1490478515625,-0.19009080529212952,2,5.079409122467041,0.01738119125366211
2018-02-22 11:11:00+00:00,160.2653045654297,0.20951414108276367,2,5.079409122467041,0.01738119125366211
2018-02-22 11:12:00+00:00,159.13162231445312,-0.19637320935726166,2,5.079409122467041,0.01738119125366211
2018-02-22 11:13:00+00:00,159.27915954589844,-0.14337055385112762,2,5.079409122467041,0.01738119125366211
2018-02-22 11:14:00+00:00,159.47206115722656,-0.07418178021907806,2,5.079409122467041,0.01738119125366211
2018-02-22 11:15:00+00:00,159.62530517578125,-0.019258730113506317,2,5.079409122467041,0.01738119125366211
2018-02-22 11:16:00+00:00,160.47923278808594,0.2857809066772461,2,5.079409122467041,0.01738119125366211
2018-02-22 11:17:00+00:00,159.45623779296875,-0.0798606351017952,2,5.079409122467041,0.01738119125366211
2018-02-22 11:18:00+00:00,160.37380981445312,0.24822364747524261,2,5.079409122467041,0.01738119125366211
2018-02-22 11:19:00+00:00,159.52420043945312,-0.05549916252493858,2,5.079409122467041,0.01738119125366211
2018-02-22 11:20:00+00:00,159.45957946777344,-0.07865353673696518,2,5.079409122467041,0.01738119125366211
2018-02-22 11:21:00+00:00,161.47023010253906,0.6377876996994019,2,5.079409122467041,0.01738119125366211
2018-02-22 11:22:00+00:00,159.36045837402344,-0.11420811712741852,2,5.079409122467041,0.01738119125366211
2018-02-22 11:23:00+00:00,159.3527069091797,-0.1169789582490921,2,5.079409122467041,0.01738119125366211
2018-02-22 11:24:00+00:00,159.73080444335938,0.018518010154366493,2,5.079409122467041,0.01738119125366211
2018-02-22 11:25:00+00:00,159.57373046875,-0.037749309092760086,2,5.079409122467041,0.01738119125366211
2018-02-22 11:26:00+00:00,159.48179626464844,-0.07069765031337738,2,5.079409122467041,0.01738119125366211
2018-02-22 11:27:00+00:00,160.07781982421875,0.14260239899158478,2,5.079409122467041,0.01738119125366211
2018-02-22 11:28:00+00:00,159.37106323242188,-0.11039477586746216,2,5.079409122467041,0.01738119125366211
2018-02-22 11:29:00+00:00,159.409912109375,-0.09645825624465942,2,5.079409122467041,0.01738119125366211
2018-02-22 11:30:00+00:00,159.51406860351562,-0.05912046134471893,2,5.079409122467041,0.01738119125366211
2018-02-22 11:31:00+00:00,161.1768341064453,0.5338125228881836,2,5.079409122467041,0.01738119125366211
2018-02-22 11:32:00+00:00,160.1883544921875,0.1820526123046875,2,5.079409122467041,0.01738119125366211
2018-02-22 11:33:00+00:00,159.3157501220703,-0.13025705516338348,2,5.079409122467041,0.01738119125366211
2018-02-22 11:34:00+00:00,159.7743377685547,0.034100573509931564,2,5.079409122467041,0.01738119125366211
2018-02-22 11:35:00+00:00,159.5064697265625,-0.06183643639087677,2,5.079409122467041,0.01738119125366211
2018-02-22 11:36:00+00:00,159.88873291015625,0.07500480115413666,2,5.079409122467041,0.01738119125366211
2018-02-22 11:37:00+00:00,159.30564880371094,-0.13387835025787354,2,5.079409122467041,0.01738119125366211
2018-02-22 11:38:00+00:00,160.1103057861328,0.1542070209980011,2,5.079409122467041,0.01738119125366211
2018-02-22 11:39:00+00:00,159.21676635742188,-0.16578420996665955,2,5.079409122467041,0.01738119125366211
2018-02-22 11:40:00+00:00,159.07992553710938,-0.21494609117507935,2,5.079409122467041,0.01738119125366211
2018-02-22 11:41:00+00:00,159.36599731445312,-0.11220542341470718,2,5.079409122467041,0.01738119125366211
2018-02-22 11:42:00+00:00,159.39938354492188,-0.10024416446685791,2,5.079409122467041,0.01738119125366211
2018-02-22 11:43:00+00:00,159.45262145996094,-0.08115004003047943,2,5.079409122467041,0.01738119125366211
2018-02-22 11:44:00+00:00,159.46005249023438,-0.07848893105983734,2,5.079409122467041,0.01738119125366211
2018-02-22 11:45:00+00:00,161.43817138671875,0.6264299750328064,2,5.079409122467041,0.01738119125366211
2018-02-22 11:46:00+00:00,159.83547973632812,0.055965542793273926,2,5.079409122467041,0.01738119125366211
2018-02-22 11:47:00+00:00,159.20294189453125,-0.17074976861476898,2,5.079409122467041,0.01738119125366211
2018-02-22 11:48:00+00:00,159.6852569580078,0.0022221612744033337,2,5.079409122467041,0.01738119125366211
2018-02-22 11:49:00+00:00,159.5560760498047,-0.0440591461956501,2,5.079409122467041,0.01738119125366211
2018-02-22 11:50:00+00:00,159.7684326171875,0.031988147646188736,2,5.079409122467041,0.01738119125366211
2018-02-22 11:51:00+00:00,159.44207763671875,-0.08493594080209732,2,5.079409122467041,0.01738119125366211
2018-02-22 11:52:00+00:00,160.71768188476562,0.37068942189216614,2,5.079409122467041,0.01738119125366211
2018-02-22 11:53:00+00:00,159.61781311035156,-0.02194727212190628,2,5.079409122467041,0.01738119125366211
2018-02-22 11:54:00+00:00,159.79629516601562,0.04194672405719757,2,5.079409122467041,0.01738119125366211
2018-02-22 11:55:00+00:00,159.3307342529297,-0.12487997859716415,2,5.079409122467041,0.01738119125366211
2018-02-22 11:56:00+00:00,160.11053466796875,0.15428932011127472,2,5.079409122467041,0.01738119125366211
2018-02-22 11:57:00+00:00,159.2819366455078,-0.1423829197883606,2,5.079409122467041,0.01738119125366211
2018-02-22 11:58:00+00:00,161.42013549804688,0.6200652718544006,2,5.079409122467041,0.01738119125366211
2018-02-22 11:59:00+00:00,160.3537139892578,0.24106334149837494,2,5.079409122467041,0.01738119125366211
2018-02-22 12:00:00+00:00,159.94534301757812,0.0952511578798294,2,5.079409122467041,0.01738119125366211
2018-02-22 12:01:00+00:00,159.60626220703125,-0.02608981914818287,2,5.079409122467041,0.01738119125366211
2018-02-22 12:02:00+00:00,160.30528259277344,0.22377987205982208,2,5.079409122467041,0.01738119125366211
2018-02-22 12:03:00+00:00,159.84153747558594,0.0581328347325325,2,5.079409122467041,0.01738119125366211
2018-02-22 12:04:00+00:00,160.26148986816406,0.2081698775291443,2,5.079409122467041,0.01738119125366211
2018-02-22 12:05:00+00:00,160.2960662841797,0.2204877734184265,2,5.079409122467041,0.01738119125366211
2018-02-22 12:06:00+00:00,160.2471160888672,0.20303969085216522,2,5.079409122467041,0.01738119125366211
2018-02-22 12:07:00+00:00,160.17236328125,0.1763463318347931,2,5.079409122467041,0.01738119125366211
2018-02-22 12:08:00+00:00,159.0720977783203,-0.2177443653345108,2,5.079409122467041,0.01738119125366211
2018-02-22 12:09:00+00:00,160.8397216796875,0.4140901565551758,2,5.079409122467041,0.01738119125366211
2018-02-22 12:10:00+00:00,159.6180419921875,-0.02186496928334236,2,5.079409122467041,0.01738119125366211
2018-02-22 12:11:00+00:00,159.32191467285156,-0.12803488969802856,2,5.079409122467041,0.01738119125366211
2018-02-22 12:12:00+00:00,160.0385284423828,0.12855614721775055,2,5.079409122467041,0.01738119125366211
2018-02-22 12:13:00+00:00,159.44528198242188,-0.08378370851278305,2,5.079409122467041,0.01738119125366211
2018-02-22 12:14:00+00:00,159.3446044921875,-0.11988697201013565,2,5.079409122467041,0.01738119125366211
2018-02-22 12:15:00+00:00,159.26223754882812,-0.14946092665195465,2,5.079409122467041,0.01738119125366211
2018-02-22 12:16:00+00:00,159.7603302001953,0.029080135747790337,2,5.079409122467041,0.01738119125366211
2018-02-22 12:17:00+00:00,159.22659301757812,-0.16224519908428192,2,5.079409122467041,0.01738119125366211
2018-02-22 12:18:00+00:00,159.79054260253906,0.03988916799426079,2,5.079409122467041,0.01738119125366211
2018-02-22 12:19:00+00:00,159.32232666015625,-0.1278977245092392,2,5.079409122467041,0.01738119125366211
2018-02-22 12:20:00+00:00,159.50730895996094,-0.061534661799669266,2,5.079409122467041,0.01738119125366211
2018-02-22 12:21:00+00:00,160.21234130859375,0.1906120479106903,2,5.079409122467041,0.01738119125366211
2018-02-22 12:22:00+00:00,159.49464416503906,-0.0660887211561203,2,5.079409122467041,0.01738119125366211
2018-02-22 12:23:00+00:00,159.2841796875,-0.14158733189105988,2,5.079409122467041,0.01738119125366211
2018-02-22 12:24:00+00:00,159.84527587890625,0.05947710573673248,2,5.079409122467041,0.01738119125366211
2018-02-22 12:25:00+00:00,159.99864196777344,0.11431784927845001,2,5.079409122467041,0.01738119125366211
2018-02-22 12:26:00+00:00,159.30697631835938,-0.13338454067707062,2,5.079409122467041,0.01738119125366211
2018-02-22 12:27:00+00:00,159.93116760253906,0.09020328521728516,2,5.079409122467041,0.01738119125366211
2018-02-22 12:28:00+00:00,159.47360229492188,-0.0736330971121788,2,5.079409122467041,0.01738119125366211
2018-02-22 12:29:00+00:00,159.29339599609375,-0.13826781511306763,2,5.079409122467041,0.01738119125366211
2018-02-22 12:30:00+00:00,159.74951171875,0.02521192841231823,2,5.079409122467041,0.01738119125366211
2018-02-22 12:31:00+00:00,159.5443115234375,-0.04828399792313576,2,5.079409122467041,0.01738119125366211
2018-02-22 12:32:00+00:00,159.93173217773438,0.09039532393217087,2,5.079409122467041,0.01738119125366211
2018-02-22 12:33:00+00:00,159.3221893310547,-0.12792515754699707,2,5.079409122467041,0.01738119125366211
2018-02-22 12:34:00+00:00,159.29306030273438,-0.13837754726409912,2,5.079409122467041,0.01738119125366211
2018-02-22 12:35:00+00:00,159.2807159423828,-0.14282186329364777,2,5.079409122467041,0.01738119125366211
2018-02-22 12:36:00+00:00,159.1425323486328,-0.1924501359462738,2,5.079409122467041,0.01738119125366211
2018-02-22 12:37:00+00:00,159.0921630859375,-0.21052920818328857,2,5.079409122467041,0.01738119125366211
2018-02-22 12:38:00+00:00,159.47052001953125,-0.07473046332597733,2,5.079409122467041,0.01738119125366211
2018-02-22 12:39:00+00:00,159.3534698486328,-0.11670462042093277,2,5.079409122467041,0.01738119125366211
2018-02-22 12:40:00+00:00,159.43687438964844,-0.08680146187543869,2,5.079409122467041,0.01738119125366211
2018-02-22 12:41:00+00:00,159.35963439941406,-0.11450988799333572,2,5.079409122467041,0.01738119125366211
2018-02-22 12:42:00+00:00,159.5727996826172,-0.038078516721725464,2,5.079409122467041,0.01738119125366211
2018-02-22 12:43:00+00:00,159.4807586669922,-0.07105429470539093,2,5.079409122467041,0.01738119125366211
2018-02-22 12:44:00+00:00,159.17172241210938,-0.181942880153656,2,5.079409122467041,0.01738119125366211
2018-02-22 12:45:00+00:00,159.3198699951172,-0.12877561151981354,2,5.079409122467041,0.01738119125366211
2018-02-22 12:46:00+00:00,159.02554321289062,-0.234479159116745,2,5.079409122467041,0.01738119125366211
2018-02-22 12:47:00+00:00,159.0297393798828,-0.23297028243541718,2,5.079409122467041,0.01738119125366211
2018-02-22 12:48:00+00:00,159.14166259765625,-0.1927519142627716,2,5.079409122467041,0.01738119125366211
2018-02-22 12:49:00+00:00,159.4963836669922,-0.06545773893594742,2,5.079409122467041,0.01738119125366211
2018-02-22 12:50:00+00:00,159.05975341796875,-0.22218869626522064,2,5.079409122467041,0.01738119125366211
2018-02-22 12:51:00+00:00,159.5961151123047,-0.029711119830608368,2,5.079409122467041,0.01738119125366211
2018-02-22 12:52:00+00:00,159.6058349609375,-0.026226989924907684,2,5.079409122467041,0.01738119125366211
2018-02-22 12:53:00+00:00,159.180419921875,-0.17884282767772675,2,5.079409122467041,0.01738119125366211
2018-02-22 12:54:00+00:00,159.0976104736328,-0.20858138799667358,2,5.079409122467041,0.01738119125366211
2018-02-22 12:55:00+00:00,159.13711547851562,-0.1943979561328888,2,5.079409122467041,0.01738119125366211
2018-02-22 12:56:00+00:00,160.23843383789062,0.19993963837623596,2,5.079409122467041,0.01738119125366211
2018-02-22 12:57:00+00:00,159.86685180664062,0.06718608736991882,2,5.079409122467041,0.01738119125366211
2018-02-22 12:58:00+00:00,159.34207153320312,-0.12079229950904846,2,5.079409122467041,0.01738119125366211
2018-02-22 12:59:00+00:00,159.27142333984375,-0.1461413949728012,2,5.079409122467041,0.01738119125366211
2018-02-28 01:00:00+00:00,160.11460876464844,0.1557433307170868,2,5.079409122467041,0.01738119125366211
2018-02-28 01:01:00+00:00,159.07005310058594,-0.21848508715629578,2,5.079409122467041,0.01738119125366211
2018-02-28 01:02:00+00:00,159.33485412597656,-0.12339853495359421,2,5.079409122467041,0.01738119125366211
2018-02-28 01:03:00+00:00,159.31539916992188,-0.13036678731441498,2,5.079409122467041,0.01738119125366211
2018-02-28 01:04:00+00:00,159.394775390625,-0.1018902063369751,2,5.079409122467041,0.01738119125366211
2018-02-28 01:05:00+00:00,159.49630737304688,-0.06548517197370529,2,5.079409122467041,0.01738119125366211
2018-02-28 01:06:00+00:00,159.4522247314453,-0.0812872052192688,2,5.079409122467041,0.01738119125366211
2018-02-28 01:07:00+00:00,159.48956298828125,-0.06789936870336533,2,5.079409122467041,0.01738119125366211
2018-02-28 01:08:00+00:00,160.7781219482422,0.39219775795936584,2,5.079409122467041,0.01738119125366211
2018-02-28 01:09:00+00:00,159.4378662109375,-0.08644481748342514,2,5.079409122467041,0.01738119125366211
2018-02-28 01:10:00+00:00,160.00979614257812,0.11829579621553421,2,5.079409122467041,0.01738119125366211
2018-02-28 01:11:00+00:00,159.07574462890625,-0.21645496785640717,2,5.079409122467041,0.01738119125366211
2018-02-28 01:12:00+00:00,159.32298278808594,-0.12765081226825714,2,5.079409122467041,0.01738119125366211
2018-02-28 01:13:00+00:00,159.00888061523438,-0.2404872328042984,2,5.079409122467041,0.01738119125366211
2018-02-28 01:14:00+00:00,159.3243408203125,-0.12715700268745422,2,5.079409122467041,0.01738119125366211
2018-02-28 01:15:00+00:00,159.12635803222656,-0.1982661634683609,2,5.079409122467041,0.01738119125366211
2018-02-28 01:16:00+00:00,159.24720764160156,-0.15483799576759338,2,5.079409122467041,0.01738119125366211
2018-02-28 01:17:00+00:00,159.0409393310547,-0.2289649099111557,2,5.079409122467041,0.01738119125366211
2018-02-28 01:18:00+00:00,159.1597442626953,-0.18625003099441528,2,5.079409122467041,0.01738119125366211
2018-02-28 01:19:00+00:00,159.11570739746094,-0.20207950472831726,2,5.079409122467041,0.01738119125366211
2018-02-28 01:20:00+00:00,160.5606231689453,0.31477874517440796,2,5.079409122467041,0.01738119125366211
2018-02-28 01:21:00+00:00,159.19090270996094,-0.17505691945552826,2,5.079409122467041,0.01738119125366211
2018-02-28 01:22:00+00:00,159.02725219726562,-0.23387561738491058,2,5.079409122467041,0.01738119125366211
2018-02-28 01:23:00+00:00,159.053466796875,-0.22443827986717224,2,5.079409122467041,0.01738119125366211
2018-02-28 01:24:00+00:00,159.1987762451172,-0.17223121225833893,2,5.079409122467041,0.01738119125366211
2018-02-28 01:25:00+00:00,159.19285583496094,-0.17437107861042023,2,5.079409122467041,0.01738119125366211
2018-02-28 01:26:00+00:00,159.18478393554688,-0.1772516518831253,2,5.079409122467041,0.01738119125366211
2018-02-28 01:27:00+00:00,159.2528839111328,-0.15280787646770477,2,5.079409122467041,0.01738119125366211
2018-02-28 01:28:00+00:00,159.08114624023438,-0.21450714766979218,2,5.079409122467041,0.01738119125366211
2018-02-28 01:29:00+00:00,159.2432861328125,-0.15626457333564758,2,5.079409122467041,0.01738119125366211
2018-02-28 01:30:00+00:00,160.27609252929688,0.21338234841823578,2,5.079409122467041,0.01738119125366211
2018-02-28 01:31:00+00:00,159.3751983642578,-0.10891333222389221,2,5.079409122467041,0.01738119125366211
2018-02-28 01:32:00+00:00,159.40460205078125,-0.09837864339351654,2,5.079409122467041,0.01738119125366211
2018-02-28 01:33:00+00:00,159.16708374023438,-0.18361635506153107,2,5.079409122467041,0.01738119125366211
2018-02-28 01:34:00+00:00,159.2147674560547,-0.16649748384952545,2,5.079409122467041,0.01738119125366211
2018-02-28 01:35:00+00:00,159.17672729492188,-0.18015967309474945,2,5.079409122467041,0.01738119125366211
2018-02-28 01:36:00+00:00,159.0876007080078,-0.21217525005340576,2,5.079409122467041,0.01738119125366211
2018-02-28 01:37:00+00:00,159.9364471435547,0.09206880629062653,2,5.079409122467041,0.01738119125366211
2018-02-28 01:38:00+00:00,159.03524780273438,-0.2309950292110443,2,5.079409122467041,0.01738119125366211
2018-02-28 01:39:00+00:00,158.9424591064453,-0.2643548846244812,2,5.079409122467041,0.01738119125366211
2018-02-28 01:40:00+00:00,162.8721466064453,1.13212251663208,2,5.079409122467041,0.01738119125366211
2018-02-28 01:41:00+00:00,159.17124938964844,-0.18213492631912231,2,5.079409122467041,0.01738119125366211
2018-02-28 01:42:00+00:00,162.2951202392578,0.9291651844978333,2,5.079409122467041,0.01738119125366211
2018-02-28 01:43:00+00:00,158.91970825195312,-0.27255767583847046,2,5.079409122467041,0.01738119125366211
2018-02-28 01:44:00+00:00,159.0653533935547,-0.2201860100030899,2,5.079409122467041,0.01738119125366211
2018-02-28 01:45:00+00:00,159.4888458251953,-0.06814628094434738,2,5.079409122467041,0.01738119125366211
2018-02-28 01:46:00+00:00,159.251708984375,-0.15321938693523407,2,5.079409122467041,0.01738119125366211
2018-02-28 01:47:00+00:00,159.37045288085938,-0.11061424762010574,2,5.079409122467041,0.01738119125366211
2018-02-28 01:48:00+00:00,171.2049102783203,3.9856793880462646,2,5.079409122467041,0.01738119125366211
2018-02-28 01:49:00+00:00,164.806396484375,1.807220697402954,2,5.079409122467041,0.01738119125366211
2018-02-28 01:50:00+00:00,160.1983184814453,0.185619056224823,2,5.079409122467041,0.01738119125366211
2018-02-28 01:51:00+00:00,180.99327087402344,7.166387557983398,2,5.079409122467041,0.01738119125366211
2018-02-28 01:52:00+00:00,159.34963989257812,-0.11807632446289062,2,5.079409122467041,0.01738119125366211
2018-02-28 01:53:00+00:00,160.1714630126953,0.1760445535182953,2,5.079409122467041,0.01738119125366211
2018-02-28 01:54:00+00:00,159.45999145507812,-0.07851636409759521,2,5.079409122467041,0.01738119125366211
2018-02-28 01:55:00+00:00,159.2266845703125,-0.16221776604652405,2,5.079409122467041,0.01738119125366211
2018-02-28 01:56:00+00:00,159.3451690673828,-0.11969493329524994,2,5.079409122467041,0.01738119125366211
2018-02-28 01:57:00+00:00,172.66856384277344,4.472634315490723,2,5.079409122467041,0.01738119125366211
2018-02-28 01:58:00+00:00,159.12640380859375,-0.19823873043060303,2,5.079409122467041,0.01738119125366211
2018-02-28 01:59:00+00:00,332.06488037109375,41.93775177001953,2,5.079409122467041,0.01738119125366211
2018-02-28 02:00:00+00:00,160.19827270507812,0.18559162318706512,2,5.079409122467041,0.01738119125366211
2018-02-28 02:01:00+00:00,159.159423828125,-0.18638721108436584,2,5.079409122467041,0.01738119125366211
2018-02-28 02:02:00+00:00,159.37875366210938,-0.10765136778354645,2,5.079409122467041,0.01738119125366211
2018-02-28 02:03:00+00:00,159.74391174316406,0.023209240287542343,2,5.079409122467041,0.01738119125366211
2018-02-28 02:04:00+00:00,159.29379272460938,-0.13813063502311707,2,5.079409122467041,0.01738119125366211
2018-02-28 02:05:00+00:00,159.55746459960938,-0.043565332889556885,2,5.079409122467041,0.01738119125366211
2018-02-28 02:06:00+00:00,165.25180053710938,1.9615648984909058,2,5.079409122467041,0.01738119125366211
2018-02-28 02:07:00+00:00,159.55157470703125,-0.04567775875329971,2,5.079409122467041,0.01738119125366211
2018-02-28 02:08:00+00:00,160.15557861328125,0.17036569118499756,2,5.079409122467041,0.01738119125366211
2018-02-28 02:09:00+00:00,163.53640747070312,1.3648459911346436,2,5.079409122467041,0.01738119125366211
2018-02-28 02:10:00+00:00,164.96670532226562,1.862829566001892,2,5.079409122467041,0.01738119125366211
2018-02-28 02:11:00+00:00,159.1811065673828,-0.17859593033790588,2,5.079409122467041,0.01738119125366211
2018-02-28 02:12:00+00:00,160.655517578125,0.3485775291919708,2,5.079409122467041,0.01738119125366211
2018-02-28 02:13:00+00:00,159.15399169921875,-0.18833503127098083,2,5.079409122467041,0.01738119125366211
2018-02-28 02:14:00+00:00,159.1180877685547,-0.2012290507555008,2,5.079409122467041,0.01738119125366211
2018-02-28 02:15:00+00:00,159.93197631835938,0.09047763049602509,2,5.079409122467041,0.01738119125366211
2018-02-28 02:16:00+00:00,159.08676147460938,-0.21247702836990356,2,5.079409122467041,0.01738119125366211
2018-02-28 02:17:00+00:00,159.86439514160156,0.06630819290876389,2,5.079409122467041,0.01738119125366211
2018-02-28 02:18:00+00:00,159.4108428955078,-0.09612905234098434,2,5.079409122467041,0.01738119125366211
2018-02-28 02:19:00+00:00,159.12364196777344,-0.19922636449337006,2,5.079409122467041,0.01738119125366211
2018-02-28 02:20:00+00:00,159.0041046142578,-0.24218814074993134,2,5.079409122467041,0.01738119125366211
2018-02-28 02:21:00+00:00,159.31182861328125,-0.1316561996936798,2,5.079409122467041,0.01738119125366211
2018-02-28 02:22:00+00:00,159.15640258789062,-0.1874571293592453,2,5.079409122467041,0.01738119125366211
2018-02-28 02:23:00+00:00,171.3104248046875,4.020932197570801,2,5.079409122467041,0.01738119125366211
2018-02-28 02:24:00+00:00,159.21957397460938,-0.16476914286613464,2,5.079409122467041,0.01738119125366211
2018-02-28 02:25:00+00:00,159.28228759765625,-0.14224575459957123,2,5.079409122467041,0.01738119125366211
2018-02-28 02:26:00+00:00,159.41796875,-0.09357768297195435,2,5.079409122467041,0.01738119125366211
2018-02-28 02:27:00+00:00,159.24453735351562,-0.15579819679260254,2,5.079409122467041,0.01738119125366211
2018-02-28 02:28:00+00:00,159.37619018554688,-0.10855669528245926,2,5.079409122467041,0.01738119125366211
2018-02-28 02:29:00+00:00,159.73764038085938,0.0209596436470747,2,5.079409122467041,0.01738119125366211
2018-02-28 02:30:00+00:00,159.197265625,-0.1727799028158188,2,5.079409122467041,0.01738119125366211
2018-02-28 02:31:00+00:00,159.36888122558594,-0.11119036376476288,2,5.079409122467041,0.01738119125366211
2018-02-28 02:32:00+00:00,159.7091522216797,0.01075416337698698,2,5.079409122467041,0.01738119125366211
2018-02-28 02:33:00+00:00,164.53208923339844,1.7119694948196411,2,5.079409122467041,0.01738119125366211
2018-02-28 02:34:00+00:00,159.33120727539062,-0.12468793988227844,2,5.079409122467041,0.01738119125366211
2018-02-28 02:35:00+00:00,165.06809997558594,1.897972583770752,2,5.079409122467041,0.01738119125366211
2018-02-28 02:36:00+00:00,159.48204040527344,-0.07058791071176529,2,5.079409122467041,0.01738119125366211
2018-02-28 02:37:00+00:00,170.13414001464844,3.626814126968384,2,5.079409122467041,0.01738119125366211
2018-02-28 02:38:00+00:00,159.48251342773438,-0.07042330503463745,2,5.079409122467041,0.01738119125366211
2018-02-28 02:39:00+00:00,158.31314086914062,-0.4911799430847168,2,5.079409122467041,0.01738119125366211
2018-02-28 02:40:00+00:00,160.97508239746094,0.46218210458755493,2,5.079409122467041,0.01738119125366211
2018-02-28 02:41:00+00:00,159.0152130126953,-0.23821020126342773,2,5.079409122467041,0.01738119125366211
2018-02-28 02:42:00+00:00,159.13514709472656,-0.19508381187915802,2,5.079409122467041,0.01738119125366211
2018-02-28 02:43:00+00:00,158.97276306152344,-0.2534635663032532,2,5.079409122467041,0.01738119125366211
2018-02-28 02:44:00+00:00,159.3263702392578,-0.12644371390342712,2,5.079409122467041,0.01738119125366211
2018-02-28 02:45:00+00:00,159.13214111328125,-0.19618117809295654,2,5.079409122467041,0.01738119125366211
2018-02-28 02:46:00+00:00,159.0981903076172,-0.2083619087934494,2,5.079409122467041,0.01738119125366211
2018-02-28 02:47:00+00:00,159.26815795898438,-0.14732106029987335,2,5.079409122467041,0.01738119125366211
2018-02-28 02:48:00+00:00,159.4609832763672,-0.07815971970558167,2,5.079409122467041,0.01738119125366211
2018-02-28 02:49:00+00:00,159.87083435058594,0.06861265748739243,2,5.079409122467041,0.01738119125366211
2018-02-28 02:50:00+00:00,159.45013427734375,-0.08202792704105377,2,5.079409122467041,0.01738119125366211
2018-02-28 02:51:00+00:00,159.2514190673828,-0.15332913398742676,2,5.079409122467041,0.01738119125366211
2018-02-28 02:52:00+00:00,159.2210235595703,-0.16424790024757385,2,5.079409122467041,0.01738119125366211
2018-02-28 02:53:00+00:00,159.33441162109375,-0.12353570759296417,2,5.079409122467041,0.01738119125366211
2018-02-28 02:54:00+00:00,159.18551635742188,-0.17700473964214325,2,5.079409122467041,0.01738119125366211
2018-02-28 02:55:00+00:00,159.14834594726562,-0.19036515057086945,2,5.079409122467041,0.01738119125366211
2018-02-28 02:56:00+00:00,159.3699951171875,-0.11077885329723358,2,5.079409122467041,0.01738119125366211
2018-02-28 02:57:00+00:00,161.06398010253906,0.4937587380409241,2,5.079409122467041,0.01738119125366211
2018-02-28 02:58:00+00:00,160.45018005371094,0.27543824911117554,2,5.079409122467041,0.01738119125366211
2018-02-28 02:59:00+00:00,159.1532745361328,-0.1885819286108017,2,5.079409122467041,0.01738119125366211
2018-02-28 03:00:00+00:00,159.57858276367188,-0.03599352389574051,2,5.079409122467041,0.01738119125366211
2018-02-28 03:01:00+00:00,159.60882568359375,-0.025157060474157333,2,5.079409122467041,0.01738119125366211
2018-02-28 03:02:00+00:00,159.19651794433594,-0.17305423319339752,2,5.079409122467041,0.01738119125366211
2018-02-28 03:03:00+00:00,159.0384979248047,-0.22984279692173004,2,5.079409122467041,0.01738119125366211
2018-02-28 03:04:00+00:00,159.28973388671875,-0.13958464562892914,2,5.079409122467041,0.01738119125366211
2018-02-28 03:05:00+00:00,159.33445739746094,-0.12353570759296417,2,5.079409122467041,0.01738119125366211
2018-02-28 03:06:00+00:00,159.75096130371094,0.02573317661881447,2,5.079409122467041,0.01738119125366211
2018-02-28 03:07:00+00:00,159.10211181640625,-0.20696277916431427,2,5.079409122467041,0.01738119125366211
2018-02-28 03:08:00+00:00,159.39053344726562,-0.10342651605606079,2,5.079409122467041,0.01738119125366211
2018-02-28 03:09:00+00:00,823.7565307617188,94.10627746582031,2,5.079409122467041,0.01738119125366211
2018-02-28 03:10:00+00:00,160.02716064453125,0.12449590116739273,2,5.079409122467041,0.01738119125366211
2018-02-28 03:11:00+00:00,160.6219482421875,0.33661627769470215,2,5.079409122467041,0.01738119125366211
2018-02-28 03:12:00+00:00,159.44009399414062,-0.08564922958612442,2,5.079409122467041,0.01738119125366211
2018-02-28 03:13:00+00:00,159.64837646484375,-0.011001070030033588,2,5.079409122467041,0.01738119125366211
2018-02-28 03:14:00+00:00,159.92457580566406,0.08784395456314087,2,5.079409122467041,0.01738119125366211
2018-02-28 03:15:00+00:00,159.19558715820312,-0.1733834445476532,2,5.079409122467041,0.01738119125366211
2018-02-28 03:16:00+00:00,159.56312561035156,-0.041535209864377975,2,5.079409122467041,0.01738119125366211
2018-02-28 03:17:00+00:00,159.1753692626953,-0.18065348267555237,2,5.079409122467041,0.01738119125366211
2018-02-28 03:18:00+00:00,159.41517639160156,-0.09456530958414078,2,5.079409122467041,0.01738119125366211
2018-02-28 03:19:00+00:00,159.31117248535156,-0.1318756639957428,2,5.079409122467041,0.01738119125366211
2018-02-28 03:20:00+00:00,159.22120666503906,-0.1641930192708969,2,5.079409122467041,0.01738119125366211
2018-02-28 03:21:00+00:00,159.62155151367188,-0.0206030011177063,2,5.079409122467041,0.01738119125366211
2018-02-28 03:22:00+00:00,159.53250122070312,-0.052508845925331116,2,5.079409122467041,0.01738119125366211
2018-02-28 03:23:00+00:00,159.34523010253906,-0.11966750025749207,2,5.079409122467041,0.01738119125366211
2018-02-28 03:24:00+00:00,159.3152618408203,-0.13042166829109192,2,5.079409122467041,0.01738119125366211
2018-02-28 03:25:00+00:00,159.45245361328125,-0.08120490610599518,2,5.079409122467041,0.01738119125366211
2018-02-28 03:26:00+00:00,159.3176727294922,-0.12954376637935638,2,5.079409122467041,0.01738119125366211
2018-02-28 03:27:00+00:00,159.40872192382812,-0.09689720720052719,2,5.079409122467041,0.01738119125366211
2018-02-28 03:28:00+00:00,159.4834747314453,-0.07009410113096237,2,5.079409122467041,0.01738119125366211
2018-02-28 03:29:00+00:00,159.2393341064453,-0.1576637178659439,2,5.079409122467041,0.01738119125366211
2018-02-28 03:30:00+00:00,159.3470916748047,-0.11900907754898071,2,5.079409122467041,0.01738119125366211
2018-02-28 03:31:00+00:00,159.14756774902344,-0.19063949584960938,2,5.079409122467041,0.01738119125366211
2018-02-28 03:32:00+00:00,159.645263671875,-0.012098433449864388,2,5.079409122467041,0.01738119125366211
2018-02-28 03:33:00+00:00,160.34915161132812,0.23941729962825775,2,5.079409122467041,0.01738119125366211
2018-02-28 03:34:00+00:00,159.42916870117188,-0.0895448699593544,2,5.079409122467041,0.01738119125366211
2018-02-28 03:35:00+00:00,160.0099334716797,0.11835066229104996,2,5.079409122467041,0.01738119125366211
2018-02-28 03:36:00+00:00,160.2323455810547,0.19777235388755798,2,5.079409122467041,0.01738119125366211
2018-02-28 03:37:00+00:00,159.26226806640625,-0.14943347871303558,2,5.079409122467041,0.01738119125366211
2018-02-28 03:38:00+00:00,159.35211181640625,-0.11719843000173569,2,5.079409122467041,0.01738119125366211
2018-02-28 03:39:00+00:00,158.9299774169922,-0.2688540816307068,2,5.079409122467041,0.01738119125366211
2018-02-28 03:40:00+00:00,160.3649444580078,0.2450687289237976,2,5.079409122467041,0.01738119125366211
2018-02-28 03:41:00+00:00,159.03280639648438,-0.23187293112277985,2,5.079409122467041,0.01738119125366211
2018-02-28 03:42:00+00:00,159.46865844726562,-0.07538887858390808,2,5.079409122467041,0.01738119125366211
2018-02-28 03:43:00+00:00,159.02471923828125,-0.2347809374332428,2,5.079409122467041,0.01738119125366211
2018-02-28 03:44:00+00:00,159.3958282470703,-0.10150612890720367,2,5.079409122467041,0.01738119125366211
2018-02-28 03:45:00+00:00,159.1363525390625,-0.19467230141162872,2,5.079409122467041,0.01738119125366211
2018-02-28 03:46:00+00:00,159.55548095703125,-0.044278621673583984,2,5.079409122467041,0.01738119125366211
2018-02-28 03:47:00+00:00,159.5167236328125,-0.05816027149558067,2,5.079409122467041,0.01738119125366211
2018-02-28 03:48:00+00:00,159.35379028320312,-0.11659488081932068,2,5.079409122467041,0.01738119125366211
2018-02-28 03:49:00+00:00,159.33535766601562,-0.1232064962387085,2,5.079409122467041,0.01738119125366211
2018-02-28 03:50:00+00:00,159.32241821289062,-0.12784285843372345,2,5.079409122467041,0.01738119125366211
2018-02-28 03:51:00+00:00,159.21852111816406,-0.16515322029590607,2,5.079409122467041,0.01738119125366211
2018-02-28 03:52:00+00:00,159.50460815429688,-0.062494855374097824,2,5.079409122467041,0.01738119125366211
2018-02-28 03:53:00+00:00,159.22447204589844,-0.16301335394382477,2,5.079409122467041,0.01738119125366211
2018-02-28 03:54:00+00:00,159.3279266357422,-0.12586760520935059,2,5.079409122467041,0.01738119125366211
2018-02-28 03:55:00+00:00,168.44094848632812,3.0547585487365723,2,5.079409122467041,0.01738119125366211
2018-02-28 03:56:00+00:00,159.3692169189453,-0.11105319112539291,2,5.079409122467041,0.01738119125366211
2018-02-28 03:57:00+00:00,160.1475067138672,0.16748511791229248,2,5.079409122467041,0.01738119125366211
2018-02-28 03:58:00+00:00,159.1317596435547,-0.1963183432817459,2,5.079409122467041,0.01738119125366211
2018-02-28 03:59:00+00:00,159.08396911621094,-0.21349208056926727,2,5.079409122467041,0.01738119125366211
2018-02-28 04:00:00+00:00,159.27590942382812,-0.14455021917819977,2,5.079409122467041,0.01738119125366211
2018-02-28 04:01:00+00:00,159.14353942871094,-0.19209349155426025,2,5.079409122467041,0.01738119125366211
2018-02-28 04:02:00+00:00,159.6438751220703,-0.012619681656360626,2,5.079409122467041,0.01738119125366211
2018-02-28 04:03:00+00:00,158.95591735839844,-0.25952649116516113,2,5.079409122467041,0.01738119125366211
2018-02-28 04:04:00+00:00,159.36795043945312,-0.11151957511901855,2,5.079409122467041,0.01738119125366211
2018-02-28 04:05:00+00:00,159.32130432128906,-0.12825436890125275,2,5.079409122467041,0.01738119125366211
2018-02-28 04:06:00+00:00,159.34205627441406,-0.12079229950904846,2,5.079409122467041,0.01738119125366211
2018-02-28 04:07:00+00:00,159.77810668945312,0.035444844514131546,2,5.079409122467041,0.01738119125366211
2018-02-28 04:08:00+00:00,159.0409393310547,-0.2289649099111557,2,5.079409122467041,0.01738119125366211
2018-02-28 04:09:00+00:00,158.83633422851562,-0.30254313349723816,2,5.079409122467041,0.01738119125366211
2018-02-28 04:10:00+00:00,159.19915771484375,-0.17209404706954956,2,5.079409122467041,0.01738119125366211
2018-02-28 04:11:00+00:00,159.11521911621094,-0.2022441029548645,2,5.079409122467041,0.01738119125366211
2018-02-28 04:12:00+00:00,159.0782470703125,-0.21554964780807495,2,5.079409122467041,0.01738119125366211
2018-02-28 04:13:00+00:00,159.23663330078125,-0.15865133702754974,2,5.079409122467041,0.01738119125366211
2018-02-28 04:14:00+00:00,159.17901611328125,-0.17933663725852966,2,5.079409122467041,0.01738119125366211
2018-02-28 04:15:00+00:00,159.42076110839844,-0.09256261587142944,2,5.079409122467041,0.01738119125366211
2018-02-28 04:16:00+00:00,159.26145935058594,-0.1497352570295334,2,5.079409122467041,0.01738119125366211
2018-02-28 04:17:00+00:00,159.4906768798828,-0.0675152912735939,2,5.079409122467041,0.01738119125366211
2018-02-28 04:18:00+00:00,159.25038146972656,-0.15371321141719818,2,5.079409122467041,0.01738119125366211
2018-02-28 04:19:00+00:00,159.277099609375,-0.1441112756729126,2,5.079409122467041,0.01738119125366211
2018-02-28 04:20:00+00:00,159.22161865234375,-0.16402842104434967,2,5.079409122467041,0.01738119125366211
2018-02-28 04:21:00+00:00,159.34066772460938,-0.12131354212760925,2,5.079409122467041,0.01738119125366211
2018-02-28 04:22:00+00:00,159.34861755371094,-0.11846040189266205,2,5.079409122467041,0.01738119125366211
2018-02-28 04:23:00+00:00,159.23121643066406,-0.16059915721416473,2,5.079409122467041,0.01738119125366211
2018-02-28 04:24:00+00:00,159.5225372314453,-0.05607527866959572,2,5.079409122467041,0.01738119125366211
2018-02-28 04:25:00+00:00,159.1858673095703,-0.17686757445335388,2,5.079409122467041,0.01738119125366211
2018-02-28 04:26:00+00:00,159.31781005859375,-0.1295163333415985,2,5.079409122467041,0.01738119125366211
2018-02-28 04:27:00+00:00,159.2654571533203,-0.14830869436264038,2,5.079409122467041,0.01738119125366211
2018-02-28 04:28:00+00:00,159.26296997070312,-0.14918658137321472,2,5.079409122467041,0.01738119125366211
2018-02-28 04:29:00+00:00,159.51576232910156,-0.058516912162303925,2,5.079409122467041,0.01738119125366211
2018-02-28 04:30:00+00:00,159.17385864257812,-0.18120215833187103,2,5.079409122467041,0.01738119125366211
2018-02-28 04:31:00+00:00,159.54039001464844,-0.049683135002851486,2,5.079409122467041,0.01738119125366211
2018-02-28 04:32:00+00:00,159.36260986328125,-0.11343996226787567,2,5.079409122467041,0.01738119125366211
2018-02-28 04:33:00+00:00,159.24021911621094,-0.1573619395494461,2,5.079409122467041,0.01738119125366211
2018-02-28 04:34:00+00:00,159.24664306640625,-0.15505747497081757,2,5.079409122467041,0.01738119125366211
2018-02-28 04:35:00+00:00,159.466064453125,-0.07632163912057877,2,5.079409122467041,0.01738119125366211
2018-02-28 04:36:00+00:00,159.12466430664062,-0.1988697201013565,2,5.079409122467041,0.01738119125366211
2018-02-28 04:37:00+00:00,160.02569580078125,0.12397465109825134,2,5.079409122467041,0.01738119125366211
2018-02-28 04:38:00+00:00,159.31069946289062,-0.1320677101612091,2,5.079409122467041,0.01738119125366211
2018-02-28 04:39:00+00:00,159.54232788085938,-0.04899728298187256,2,5.079409122467041,0.01738119125366211
2018-02-28 04:40:00+00:00,159.2038116455078,-0.1704205572605133,2,5.079409122467041,0.01738119125366211
2018-02-28 04:41:00+00:00,159.59640502929688,-0.029601382091641426,2,5.079409122467041,0.01738119125366211
2018-02-28 04:42:00+00:00,158.96307373046875,-0.25694769620895386,2,5.079409122467041,0.01738119125366211
2018-02-28 04:43:00+00:00,159.1885223388672,-0.1759348213672638,2,5.079409122467041,0.01738119125366211
2018-02-28 04:44:00+00:00,159.07798767089844,-0.21563194692134857,2,5.079409122467041,0.01738119125366211
2018-02-28 04:45:00+00:00,159.21249389648438,-0.16732051968574524,2,5.079409122467041,0.01738119125366211
2018-02-28 04:46:00+00:00,159.30328369140625,-0.1347288191318512,2,5.079409122467041,0.01738119125366211
2018-02-28 04:47:00+00:00,159.41004943847656,-0.09640339016914368,2,5.079409122467041,0.01738119125366211
2018-02-28 04:48:00+00:00,159.1431884765625,-0.19220323860645294,2,5.079409122467041,0.01738119125366211
2018-02-28 04:49:00+00:00,159.28439331054688,-0.14150503277778625,2,5.079409122467041,0.01738119125366211
2018-02-28 04:50:00+00:00,159.2727813720703,-0.14567501842975616,2,5.079409122467041,0.01738119125366211
2018-02-28 04:51:00+00:00,159.35691833496094,-0.11547008156776428,2,5.079409122467041,0.01738119125366211
2018-02-28 04:52:00+00:00,159.19384765625,-0.17401443421840668,2,5.079409122467041,0.01738119125366211
2018-02-28 04:53:00+00:00,159.38418579101562,-0.10570354759693146,2,5.079409122467041,0.01738119125366211
2018-02-28 04:54:00+00:00,159.2259063720703,-0.16249211132526398,2,5.079409122467041,0.01738119125366211
2018-02-28 04:55:00+00:00,159.28648376464844,-0.1407368779182434,2,5.079409122467041,0.01738119125366211
2018-02-28 04:56:00+00:00,159.20162963867188,-0.17121616005897522,2,5.079409122467041,0.01738119125366211
2018-02-28 04:57:00+00:00,159.0727996826172,-0.21749746799468994,2,5.079409122467041,0.01738119125366211
2018-02-28 04:58:00+00:00,159.11468505859375,-0.2024361491203308,2,5.079409122467041,0.01738119125366211
2018-02-28 04:59:00+00:00,159.16395568847656,-0.18474115431308746,2,5.079409122467041,0.01738119125366211
2018-02-28 05:00:00+00:00,159.45147705078125,-0.08156155049800873,2,5.079409122467041,0.01738119125366211
2018-02-28 05:01:00+00:00,159.88832092285156,0.0748676285147667,2,5.079409122467041,0.01738119125366211
2018-02-28 05:02:00+00:00,159.28900146484375,-0.1398315578699112,2,5.079409122467041,0.01738119125366211
2018-02-28 05:03:00+00:00,159.30377197265625,-0.1345367729663849,2,5.079409122467041,0.01738119125366211
2018-02-28 05:04:00+00:00,159.48402404785156,-0.06987462937831879,2,5.079409122467041,0.01738119125366211
2018-02-28 05:05:00+00:00,159.0887451171875,-0.21176373958587646,2,5.079409122467041,0.01738119125366211
2018-02-28 05:06:00+00:00,159.17813110351562,-0.17966584861278534,2,5.079409122467041,0.01738119125366211
2018-02-28 05:07:00+00:00,159.2901611328125,-0.1394200474023819,2,5.079409122467041,0.01738119125366211
2018-02-28 05:08:00+00:00,159.29421997070312,-0.13796603679656982,2,5.079409122467041,0.01738119125366211
2018-02-28 05:09:00+00:00,159.21087646484375,-0.16789662837982178,2,5.079409122467041,0.01738119125366211
2018-02-28 05:10:00+00:00,159.48048400878906,-0.07116402685642242,2,5.079409122467041,0.01738119125366211
2018-02-28 05:11:00+00:00,159.37442016601562,-0.10918767750263214,2,5.079409122467041,0.01738119125366211
2018-02-28 05:12:00+00:00,159.39834594726562,-0.10060080885887146,2,5.079409122467041,0.01738119125366211
2018-02-28 05:13:00+00:00,159.45175170898438,-0.08145181089639664,2,5.079409122467041,0.01738119125366211
2018-02-28 05:14:00+00:00,159.29739379882812,-0.13684123754501343,2,5.079409122467041,0.01738119125366211
2018-02-28 05:15:00+00:00,159.26971435546875,-0.1467723846435547,2,5.079409122467041,0.01738119125366211
2018-02-28 05:16:00+00:00,159.1322479248047,-0.1961263120174408,2,5.079409122467041,0.01738119125366211
2018-02-28 05:17:00+00:00,159.37625122070312,-0.10852925479412079,2,5.079409122467041,0.01738119125366211
2018-02-28 05:18:00+00:00,159.20050048828125,-0.17162767052650452,2,5.079409122467041,0.01738119125366211
2018-02-28 05:19:00+00:00,159.30206298828125,-0.13516776263713837,2,5.079409122467041,0.01738119125366211
2018-02-28 05:20:00+00:00,159.8053741455078,0.04521137848496437,2,5.079409122467041,0.01738119125366211
2018-02-28 05:21:00+00:00,159.0895538330078,-0.21148939430713654,2,5.079409122467041,0.01738119125366211
2018-02-28 05:22:00+00:00,159.73809814453125,0.021124249324202538,2,5.079409122467041,0.01738119125366211
2018-02-28 05:23:00+00:00,159.36102294921875,-0.11398864537477493,2,5.079409122467041,0.01738119125366211
2018-02-28 05:24:00+00:00,159.60916137695312,-0.02504732459783554,2,5.079409122467041,0.01738119125366211
2018-02-28 05:25:00+00:00,160.25320434570312,0.2052069902420044,2,5.079409122467041,0.01738119125366211
2018-02-28 05:26:00+00:00,160.3654327392578,0.24523332715034485,2,5.079409122467041,0.01738119125366211
2018-02-28 05:27:00+00:00,160.6559600830078,0.3487147092819214,2,5.079409122467041,0.01738119125366211
2018-02-28 05:28:00+00:00,160.3983917236328,0.25697511434555054,2,5.079409122467041,0.01738119125366211
2018-02-28 05:29:00+00:00,163.0486602783203,1.19404137134552,2,5.079409122467041,0.01738119125366211
2018-02-28 05:30:00+00:00,230.32489013671875,20.96600914001465,2,5.079409122467041,0.01738119125366211
2018-02-28 05:31:00+00:00,168.03797912597656,2.9177799224853516,2,5.079409122467041,0.01738119125366211
2018-02-28 05:32:00+00:00,161.092041015625,0.503717303276062,2,5.079409122467041,0.01738119125366211
2018-02-28 05:33:00+00:00,168.76202392578125,3.1636717319488525,2,5.079409122467041,0.01738119125366211
2018-02-28 05:34:00+00:00,103.66658782958984,0.3833632469177246,3,4.638359069824219,0.03239917755126953
2018-02-28 05:35:00+00:00,109.53888702392578,2.068215847015381,3,4.638359069824219,0.03239917755126953
2018-02-28 05:36:00+00:00,164.07760620117188,14.446560859680176,3,4.638359069824219,0.03239917755126953
2018-02-28 05:37:00+00:00,185.3662567138672,18.1904296875,3,4.638359069824219,0.03239917755126953
2018-02-28 05:38:00+00:00,103.41058349609375,0.30778855085372925,3,4.638359069824219,0.03239917755126953
2018-02-28 05:39:00+00:00,110.49641418457031,2.3344273567199707,3,4.638359069824219,0.03239917755126953
2018-02-28 05:40:00+00:00,103.64192199707031,0.376092791557312,3,4.638359069824219,0.03239917755126953
2018-02-28 05:41:00+00:00,111.000732421875,2.4737143516540527,3,4.638359069824219,0.03239917755126953
2018-02-28 05:42:00+00:00,105.8550033569336,1.0220615863800049,3,4.638359069824219,0.03239917755126953
2018-02-28 05:43:00+00:00,148.90777587890625,11.471315383911133,3,4.638359069824219,0.03239917755126953
2018-02-28 05:44:00+00:00,104.1117172241211,0.514349639415741,3,4.638359069824219,0.03239917755126953
2018-02-28 05:45:00+00:00,105.6214599609375,0.9545227289199829,3,4.638359069824219,0.03239917755126953
2018-02-28 05:46:00+00:00,108.09764862060547,1.6631442308425903,3,4.638359069824219,0.03239917755126953
2018-02-28 05:47:00+00:00,109.38367462158203,2.024843215942383,3,4.638359069824219,0.03239917755126953
2018-02-28 05:48:00+00:00,111.33269500732422,2.565066337585449,3,4.638359069824219,0.03239917755126953
2018-02-28 05:49:00+00:00,120.01739501953125,4.863553524017334,3,4.638359069824219,0.03239917755126953
2018-02-28 05:50:00+00:00,212.49969482421875,22.385644912719727,3,4.638359069824219,0.03239917755126953
2018-02-28 08:21:00+00:00,125.65237426757812,6.2682719230651855,3,4.638359069824219,0.03239917755126953
2018-02-28 08:22:00+00:00,104.66267395019531,0.675713062286377,3,4.638359069824219,0.03239917755126953
2018-02-28 08:23:00+00:00,102.67501068115234,0.08957113325595856,3,4.638359069824219,0.03239917755126953
2018-02-28 08:24:00+00:00,102.54012298583984,0.04939216375350952,3,4.638359069824219,0.03239917755126953
2018-02-28 08:25:00+00:00,102.66209411621094,0.08572984486818314,3,4.638359069824219,0.03239917755126953
2018-02-28 08:26:00+00:00,102.4231185913086,0.01449680607765913,3,4.638359069824219,0.03239917755126953
2018-02-28 08:27:00+00:00,101.96566772460938,-0.12233243882656097,3,4.638359069824219,0.03239917755126953
2018-02-28 08:28:00+00:00,102.54725646972656,0.0515114925801754,3,4.638359069824219,0.03239917755126953
2018-02-28 08:29:00+00:00,102.45344543457031,0.023533394560217857,3,4.638359069824219,0.03239917755126953
2018-02-28 08:30:00+00:00,102.29790496826172,-0.02290053851902485,3,4.638359069824219,0.03239917755126953
2018-02-28 08:31:00+00:00,114.01364135742188,3.293041467666626,3,4.638359069824219,0.03239917755126953
2018-02-28 08:32:00+00:00,115.56993865966797,3.7078857421875,3,4.638359069824219,0.03239917755126953
2018-02-28 08:33:00+00:00,109.2535400390625,1.9884319305419922,3,4.638359069824219,0.03239917755126953
2018-02-28 08:34:00+00:00,102.08977508544922,-0.08515585958957672,3,4.638359069824219,0.03239917755126953
2018-02-28 08:35:00+00:00,101.88487243652344,-0.14655755460262299,3,4.638359069824219,0.03239917755126953
2018-02-28 08:36:00+00:00,102.1633529663086,-0.0631236582994461,3,4.638359069824219,0.03239917755126953
2018-02-28 08:37:00+00:00,102.02165985107422,-0.10555440932512283,3,4.638359069824219,0.03239917755126953
2018-02-28 08:38:00+00:00,102.16424560546875,-0.06285873800516129,3,4.638359069824219,0.03239917755126953
2018-02-28 08:39:00+00:00,102.681640625,0.0915432870388031,3,4.638359069824219,0.03239917755126953
2018-02-28 08:40:00+00:00,103.39878845214844,0.3043004870414734,3,4.638359069824219,0.03239917755126953
2018-02-28 08:41:00+00:00,102.24749755859375,-0.03797132894396782,3,4.638359069824219,0.03239917755126953
2018-02-28 08:42:00+00:00,102.33081817626953,-0.013069202192127705,3,4.638359069824219,0.03239917755126953
2018-02-28 08:43:00+00:00,103.01222229003906,0.1897977739572525,3,4.638359069824219,0.03239917755126953
2018-02-28 08:44:00+00:00,102.37044525146484,-0.0012362758861854672,3,4.638359069824219,0.03239917755126953
2018-02-28 08:45:00+00:00,102.64181518554688,0.0796809196472168,3,4.638359069824219,0.03239917755126953
2018-02-28 08:46:00+00:00,102.31652069091797,-0.017337298020720482,3,4.638359069824219,0.03239917755126953
2018-02-28 08:47:00+00:00,102.40198516845703,0.008182968944311142,3,4.638359069824219,0.03239917755126953
2018-02-28 08:48:00+00:00,102.474365234375,0.029773643240332603,3,4.638359069824219,0.03239917755126953
2018-02-28 08:49:00+00:00,102.70015716552734,0.0970623716711998,3,4.638359069824219,0.03239917755126953
2018-02-28 08:50:00+00:00,102.39822387695312,0.007064433302730322,3,4.638359069824219,0.03239917755126953
2018-02-28 08:51:00+00:00,104.85884857177734,0.7329643964767456,3,4.638359069824219,0.03239917755126953
2018-02-28 08:52:00+00:00,102.67475128173828,0.08949754387140274,3,4.638359069824219,0.03239917755126953
2018-02-28 08:53:00+00:00,102.33617401123047,-0.011464986950159073,3,4.638359069824219,0.03239917755126953
2018-02-28 08:54:00+00:00,102.40692901611328,0.009654725901782513,3,4.638359069824219,0.03239917755126953
2018-02-28 08:55:00+00:00,102.58013153076172,0.06131339445710182,3,4.638359069824219,0.03239917755126953
2018-02-28 08:56:00+00:00,102.91865539550781,0.16202571988105774,3,4.638359069824219,0.03239917755126953
2018-02-28 08:57:00+00:00,102.22344207763672,-0.045153506100177765,3,4.638359069824219,0.03239917755126953
2018-02-28 08:58:00+00:00,102.47642517089844,0.030391782522201538,3,4.638359069824219,0.03239917755126953
2018-02-28 08:59:00+00:00,102.10736846923828,-0.07988696545362473,3,4.638359069824219,0.03239917755126953
2018-02-28 09:00:00+00:00,102.2006607055664,-0.051967740058898926,3,4.638359069824219,0.03239917755126953
2018-02-28 09:01:00+00:00,102.30941009521484,-0.01945662684738636,3,4.638359069824219,0.03239917755126953
2018-02-28 09:02:00+00:00,102.22544860839844,-0.04456480219960213,3,4.638359069824219,0.03239917755126953
2018-02-28 09:03:00+00:00,102.42079162597656,0.013790362514555454,3,4.638359069824219,0.03239917755126953
2018-02-28 09:04:00+00:00,102.41390228271484,0.011744620278477669,3,4.638359069824219,0.03239917755126953
2018-02-28 09:05:00+00:00,102.58965301513672,0.06415388733148575,3,4.638359069824219,0.03239917755126953
2018-02-28 09:06:00+00:00,102.64875793457031,0.0817561000585556,3,4.638359069824219,0.03239917755126953
2018-02-28 09:07:00+00:00,102.59252166748047,0.06500750780105591,3,4.638359069824219,0.03239917755126953
2018-02-28 09:08:00+00:00,102.3711929321289,-0.0010155122727155685,3,4.638359069824219,0.03239917755126953
2018-02-28 09:09:00+00:00,101.96588134765625,-0.12227357178926468,3,4.638359069824219,0.03239917755126953
2018-02-28 09:10:00+00:00,102.46076202392578,0.025726312771439552,3,4.638359069824219,0.03239917755126953
2018-02-28 09:11:00+00:00,102.19932556152344,-0.05236511304974556,3,4.638359069824219,0.03239917755126953
2018-02-28 09:12:00+00:00,102.49856567382812,0.03699997067451477,3,4.638359069824219,0.03239917755126953
2018-02-28 09:13:00+00:00,102.91654205322266,0.16139286756515503,3,4.638359069824219,0.03239917755126953
2018-02-28 09:14:00+00:00,103.2267074584961,0.25337767601013184,3,4.638359069824219,0.03239917755126953
2018-02-28 09:15:00+00:00,102.94539642333984,0.16995850205421448,3,4.638359069824219,0.03239917755126953
2018-02-28 09:16:00+00:00,102.58096313476562,0.06156359612941742,3,4.638359069824219,0.03239917755126953
2018-02-28 09:17:00+00:00,102.59226989746094,0.06493391841650009,3,4.638359069824219,0.03239917755126953
2018-02-28 09:18:00+00:00,102.56095123291016,0.05560297891497612,3,4.638359069824219,0.03239917755126953
2018-02-28 09:19:00+00:00,102.57770538330078,0.06059223413467407,3,4.638359069824219,0.03239917755126953
2018-02-28 09:20:00+00:00,103.1939468383789,0.24367880821228027,3,4.638359069824219,0.03239917755126953
2018-02-28 09:21:00+00:00,102.62128448486328,0.07357313483953476,3,4.638359069824219,0.03239917755126953
2018-02-28 09:22:00+00:00,102.28356170654297,-0.027183352038264275,3,4.638359069824219,0.03239917755126953
2018-02-28 09:23:00+00:00,102.5926284790039,0.06503693759441376,3,4.638359069824219,0.03239917755126953
2018-02-28 09:24:00+00:00,102.05992889404297,-0.09408942610025406,3,4.638359069824219,0.03239917755126953
2018-02-28 09:25:00+00:00,102.28543853759766,-0.026624083518981934,3,4.638359069824219,0.03239917755126953
2018-02-28 09:26:00+00:00,102.3306655883789,-0.013113354332745075,3,4.638359069824219,0.03239917755126953
2018-02-28 09:27:00+00:00,102.42803955078125,0.015953846275806427,3,4.638359069824219,0.03239917755126953
2018-02-28 09:28:00+00:00,102.66903686523438,0.08779030293226242,3,4.638359069824219,0.03239917755126953
2018-02-28 09:29:00+00:00,102.62225341796875,0.07386748492717743,3,4.638359069824219,0.03239917755126953
2018-02-28 09:30:00+00:00,103.29312896728516,0.2730403542518616,3,4.638359069824219,0.03239917755126953
2018-02-28 09:31:00+00:00,102.59425354003906,0.06552261859178543,3,4.638359069824219,0.03239917755126953
2018-02-28 09:32:00+00:00,102.36235809326172,-0.0036499572452157736,3,4.638359069824219,0.03239917755126953
2018-02-28 09:33:00+00:00,102.7792739868164,0.1205957680940628,3,4.638359069824219,0.03239917755126953
2018-02-28 09:34:00+00:00,102.20172119140625,-0.05165867134928703,3,4.638359069824219,0.03239917755126953
2018-02-28 09:35:00+00:00,102.76895904541016,0.11753451079130173,3,4.638359069824219,0.03239917755126953
2018-02-28 09:36:00+00:00,102.2655258178711,-0.03256998211145401,3,4.638359069824219,0.03239917755126953
2018-02-28 09:37:00+00:00,102.90855407714844,0.15902334451675415,3,4.638359069824219,0.03239917755126953
2018-02-28 09:38:00+00:00,102.58338165283203,0.06228475645184517,3,4.638359069824219,0.03239917755126953
2018-02-28 09:39:00+00:00,102.10472869873047,-0.08068171888589859,3,4.638359069824219,0.03239917755126953
2018-02-28 09:40:00+00:00,102.03543090820312,-0.10143349319696426,3,4.638359069824219,0.03239917755126953
2018-02-28 09:41:00+00:00,102.4704818725586,0.028625672683119774,3,4.638359069824219,0.03239917755126953
2018-02-28 09:42:00+00:00,102.38337707519531,0.002634444972500205,3,4.638359069824219,0.03239917755126953
2018-02-28 09:43:00+00:00,102.25021362304688,-0.037147145718336105,3,4.638359069824219,0.03239917755126953
2018-02-28 09:44:00+00:00,102.25466918945312,-0.03582256659865379,3,4.638359069824219,0.03239917755126953
2018-02-28 09:45:00+00:00,102.20699310302734,-0.050083890557289124,3,4.638359069824219,0.03239917755126953
2018-02-28 09:46:00+00:00,101.9706802368164,-0.12083125114440918,3,4.638359069824219,0.03239917755126953
2018-02-28 09:47:00+00:00,102.19126892089844,-0.054778795689344406,3,4.638359069824219,0.03239917755126953
2018-02-28 09:48:00+00:00,102.98231506347656,0.18092308938503265,3,4.638359069824219,0.03239917755126953
2018-02-28 09:49:00+00:00,102.16950988769531,-0.061283960938453674,3,4.638359069824219,0.03239917755126953
2018-02-28 09:50:00+00:00,102.57860565185547,0.060857150703668594,3,4.638359069824219,0.03239917755126953
2018-02-28 09:51:00+00:00,102.42347717285156,0.014599828980863094,3,4.638359069824219,0.03239917755126953
2018-02-28 09:52:00+00:00,102.1889877319336,-0.055455803871154785,3,4.638359069824219,0.03239917755126953
2018-02-28 09:53:00+00:00,102.5284194946289,0.04590409994125366,3,4.638359069824219,0.03239917755126953
2018-02-28 09:54:00+00:00,102.28350067138672,-0.02719806879758835,3,4.638359069824219,0.03239917755126953
2018-02-28 09:55:00+00:00,102.42513275146484,0.015085509046912193,3,4.638359069824219,0.03239917755126953
2018-02-28 09:56:00+00:00,102.52778625488281,0.04571277275681496,3,4.638359069824219,0.03239917755126953
2018-02-28 09:57:00+00:00,102.09909057617188,-0.08235952258110046,3,4.638359069824219,0.03239917755126953
2018-02-28 09:58:00+00:00,102.19383239746094,-0.05401347950100899,3,4.638359069824219,0.03239917755126953
2018-02-28 09:59:00+00:00,102.49006652832031,0.034468550235033035,3,4.638359069824219,0.03239917755126953
2018-02-28 10:00:00+00:00,102.47342681884766,0.029494009912014008,3,4.638359069824219,0.03239917755126953
2018-02-28 10:01:00+00:00,102.15094757080078,-0.06684720516204834,3,4.638359069824219,0.03239917755126953
2018-02-28 10:02:00+00:00,102.13409423828125,-0.07188060879707336,3,4.638359069824219,0.03239917755126953
2018-02-28 10:03:00+00:00,102.07707977294922,-0.08895298838615417,3,4.638359069824219,0.03239917755126953
2018-02-28 10:04:00+00:00,102.7536849975586,0.11298678070306778,3,4.638359069824219,0.03239917755126953
2018-02-28 10:05:00+00:00,101.99440002441406,-0.11372265964746475,3,4.638359069824219,0.03239917755126953
2018-02-28 10:06:00+00:00,102.88094329833984,0.1508256494998932,3,4.638359069824219,0.03239917755126953
2018-02-28 10:07:00+00:00,101.95785522460938,-0.124672532081604,3,4.638359069824219,0.03239917755126953
2018-02-28 10:08:00+00:00,102.01441192626953,-0.10771789401769638,3,4.638359069824219,0.03239917755126953
2018-02-28 10:09:00+00:00,101.98131561279297,-0.11763753741979599,3,4.638359069824219,0.03239917755126953
2018-02-28 10:10:00+00:00,102.4581298828125,0.024931563064455986,3,4.638359069824219,0.03239917755126953
2018-02-28 10:11:00+00:00,102.1921615600586,-0.054513879120349884,3,4.638359069824219,0.03239917755126953
2018-02-28 10:12:00+00:00,102.37911987304688,0.0013540164800360799,3,4.638359069824219,0.03239917755126953
2018-02-28 10:13:00+00:00,102.26556396484375,-0.03256998211145401,3,4.638359069824219,0.03239917755126953
2018-02-28 10:14:00+00:00,101.68630981445312,-0.20619314908981323,3,4.638359069824219,0.03239917755126953
2018-02-28 10:15:00+00:00,102.77620697021484,0.11968328058719635,3,4.638359069824219,0.03239917755126953
2018-02-28 10:16:00+00:00,105.84366607666016,1.0187796354293823,3,4.638359069824219,0.03239917755126953
2018-02-28 10:17:00+00:00,102.33045959472656,-0.013172225095331669,3,4.638359069824219,0.03239917755126953
2018-02-28 10:18:00+00:00,102.40851593017578,0.010125688277184963,3,4.638359069824219,0.03239917755126953
2018-02-28 10:19:00+00:00,101.9946517944336,-0.11364907771348953,3,4.638359069824219,0.03239917755126953
2018-02-28 10:20:00+00:00,102.37670135498047,0.0006328555173240602,3,4.638359069824219,0.03239917755126953
2018-02-28 10:21:00+00:00,102.0628433227539,-0.09322109073400497,3,4.638359069824219,0.03239917755126953
2018-02-28 10:22:00+00:00,102.21137237548828,-0.048774026334285736,3,4.638359069824219,0.03239917755126953
2018-02-28 10:23:00+00:00,102.04573822021484,-0.09834279865026474,3,4.638359069824219,0.03239917755126953
2018-02-28 10:24:00+00:00,102.49432373046875,0.035734258592128754,3,4.638359069824219,0.03239917755126953
2018-02-28 10:25:00+00:00,102.48263549804688,0.032246194779872894,3,4.638359069824219,0.03239917755126953
2018-02-28 10:26:00+00:00,102.51139831542969,0.04082654044032097,3,4.638359069824219,0.03239917755126953
2018-02-28 10:27:00+00:00,101.93555450439453,-0.13135431706905365,3,4.638359069824219,0.03239917755126953
2018-02-28 10:28:00+00:00,102.49095153808594,0.03473346307873726,3,4.638359069824219,0.03239917755126953
2018-02-28 10:29:00+00:00,102.41851043701172,0.013113354332745075,3,4.638359069824219,0.03239917755126953
2018-02-28 10:30:00+00:00,102.76921081542969,0.11760810017585754,3,4.638359069824219,0.03239917755126953
2018-02-28 10:31:00+00:00,102.41355895996094,0.011641597375273705,3,4.638359069824219,0.03239917755126953
2018-02-28 10:32:00+00:00,103.13546752929688,0.22635622322559357,3,4.638359069824219,0.03239917755126953
2018-02-28 10:33:00+00:00,103.95435333251953,0.4681070148944855,3,4.638359069824219,0.03239917755126953
2018-02-28 10:34:00+00:00,101.92085266113281,-0.1357695758342743,3,4.638359069824219,0.03239917755126953
2018-02-28 10:35:00+00:00,102.49755859375,0.03669090196490288,3,4.638359069824219,0.03239917755126953
2018-02-28 10:36:00+00:00,102.5267333984375,0.04538898542523384,3,4.638359069824219,0.03239917755126953
2018-02-28 10:37:00+00:00,102.34027862548828,-0.010243428871035576,3,4.638359069824219,0.03239917755126953
2018-02-28 10:38:00+00:00,107.97431945800781,1.628219485282898,3,4.638359069824219,0.03239917755126953
2018-02-28 10:39:00+00:00,102.28540802001953,-0.026638802140951157,3,4.638359069824219,0.03239917755126953
2018-02-28 10:40:00+00:00,104.90776062011719,0.7472257614135742,3,4.638359069824219,0.03239917755126953
2018-02-28 10:41:00+00:00,101.9171142578125,-0.13688811659812927,3,4.638359069824219,0.03239917755126953
2018-02-28 10:42:00+00:00,112.46542358398438,2.8747386932373047,3,4.638359069824219,0.03239917755126953
2018-02-28 10:43:00+00:00,103.68201446533203,0.3879257142543793,3,4.638359069824219,0.03239917755126953
2018-02-28 10:44:00+00:00,102.79680633544922,0.1258057802915573,3,4.638359069824219,0.03239917755126953
2018-02-28 10:45:00+00:00,101.9727783203125,-0.12019839137792587,3,4.638359069824219,0.03239917755126953
2018-02-28 10:46:00+00:00,102.25199127197266,-0.03661731258034706,3,4.638359069824219,0.03239917755126953
2018-02-28 10:47:00+00:00,102.79629516601562,0.12565861642360687,3,4.638359069824219,0.03239917755126953
2018-02-28 10:48:00+00:00,102.11215209960938,-0.07845936715602875,3,4.638359069824219,0.03239917755126953
2018-02-28 10:49:00+00:00,102.13972473144531,-0.07020280510187149,3,4.638359069824219,0.03239917755126953
2018-02-28 10:50:00+00:00,186.06155395507812,18.305360794067383,3,4.638359069824219,0.03239917755126953
2018-02-28 10:51:00+00:00,102.21587371826172,-0.04742000997066498,3,4.638359069824219,0.03239917755126953
2018-02-28 10:52:00+00:00,103.80342864990234,0.4236893951892853,3,4.638359069824219,0.03239917755126953
2018-02-28 10:53:00+00:00,102.64863586425781,0.08171194791793823,3,4.638359069824219,0.03239917755126953
2018-02-28 10:54:00+00:00,102.32797241210938,-0.013922820799052715,3,4.638359069824219,0.03239917755126953
2018-02-28 10:55:00+00:00,102.55949401855469,0.05516145005822182,3,4.638359069824219,0.03239917755126953
2018-02-28 10:56:00+00:00,102.29923248291016,-0.022503163665533066,3,4.638359069824219,0.03239917755126953
2018-02-28 10:57:00+00:00,102.78018188476562,0.12086068093776703,3,4.638359069824219,0.03239917755126953
2018-02-28 10:58:00+00:00,102.31889343261719,-0.016630854457616806,3,4.638359069824219,0.03239917755126953
2018-02-28 10:59:00+00:00,102.18550872802734,-0.05650075152516365,3,4.638359069824219,0.03239917755126953
2018-02-28 11:00:00+00:00,108.97065734863281,1.9091336727142334,3,4.638359069824219,0.03239917755126953
2018-02-28 11:01:00+00:00,102.43135833740234,0.016954639926552773,3,4.638359069824219,0.03239917755126953
2018-02-28 11:02:00+00:00,102.20172119140625,-0.05165867134928703,3,4.638359069824219,0.03239917755126953
2018-02-28 11:03:00+00:00,108.62448120117188,1.8118211030960083,3,4.638359069824219,0.03239917755126953
2018-02-28 11:04:00+00:00,102.32233428955078,-0.015600623562932014,3,4.638359069824219,0.03239917755126953
2018-02-28 11:05:00+00:00,116.34699249267578,3.912945508956909,3,4.638359069824219,0.03239917755126953
2018-02-28 11:06:00+00:00,102.38691711425781,0.0036793923936784267,3,4.638359069824219,0.03239917755126953
2018-02-28 11:07:00+00:00,102.1385269165039,-0.07055602967739105,3,4.638359069824219,0.03239917755126953
2018-02-28 11:08:00+00:00,102.4927749633789,0.0352632962167263,3,4.638359069824219,0.03239917755126953
2018-02-28 11:09:00+00:00,102.32100677490234,-0.015997998416423798,3,4.638359069824219,0.03239917755126953
2018-02-28 11:10:00+00:00,103.38894653320312,0.30138638615608215,3,4.638359069824219,0.03239917755126953
2018-02-28 11:11:00+00:00,102.51842498779297,0.0429164320230484,3,4.638359069824219,0.03239917755126953
2018-02-28 11:12:00+00:00,115.08585357666016,3.5794453620910645,3,4.638359069824219,0.03239917755126953
2018-02-28 11:13:00+00:00,102.38093566894531,0.0018985664937645197,3,4.638359069824219,0.03239917755126953
2018-02-28 11:14:00+00:00,102.35539245605469,-0.005725134629756212,3,4.638359069824219,0.03239917755126953
2018-02-28 11:15:00+00:00,103.57965850830078,0.35772526264190674,3,4.638359069824219,0.03239917755126953
2018-02-28 11:16:00+00:00,102.91754913330078,0.1616872251033783,3,4.638359069824219,0.03239917755126953
2018-02-28 11:17:00+00:00,102.28811645507812,-0.025829335674643517,3,4.638359069824219,0.03239917755126953
2018-02-28 11:18:00+00:00,102.44062042236328,0.01970682665705681,3,4.638359069824219,0.03239917755126953
2018-02-28 11:19:00+00:00,102.02811431884766,-0.10361169278621674,3,4.638359069824219,0.03239917755126953
2018-02-28 11:20:00+00:00,102.2903060913086,-0.02516704425215721,3,4.638359069824219,0.03239917755126953
2018-02-28 11:21:00+00:00,102.34439849853516,-0.00900715310126543,3,4.638359069824219,0.03239917755126953
2018-02-28 11:22:00+00:00,102.01731872558594,-0.1068495586514473,3,4.638359069824219,0.03239917755126953
2018-02-28 11:23:00+00:00,106.65455627441406,1.2521413564682007,3,4.638359069824219,0.03239917755126953
2018-02-28 11:24:00+00:00,102.53636932373047,0.04827363044023514,3,4.638359069824219,0.03239917755126953
2018-02-28 11:25:00+00:00,102.83837890625,0.1381685435771942,3,4.638359069824219,0.03239917755126953
2018-02-28 11:26:00+00:00,102.42326354980469,0.014526241458952427,3,4.638359069824219,0.03239917755126953
2018-02-28 11:27:00+00:00,108.14280700683594,1.675904393196106,3,4.638359069824219,0.03239917755126953
2018-02-28 11:28:00+00:00,102.12445831298828,-0.07476525753736496,3,4.638359069824219,0.03239917755126953
2018-02-28 11:29:00+00:00,114.78980255126953,3.5006327629089355,3,4.638359069824219,0.03239917755126953
2018-02-28 11:30:00+00:00,102.40701293945312,0.00968416128307581,3,4.638359069824219,0.03239917755126953
2018-02-28 11:31:00+00:00,102.2778549194336,-0.028890589252114296,3,4.638359069824219,0.03239917755126953
2018-02-28 11:32:00+00:00,102.28793334960938,-0.025873487815260887,3,4.638359069824219,0.03239917755126953
2018-02-28 11:33:00+00:00,102.30925750732422,-0.019515497609972954,3,4.638359069824219,0.03239917755126953
2018-02-28 11:34:00+00:00,102.64348602294922,0.08018132299184799,3,4.638359069824219,0.03239917755126953
2018-02-28 11:35:00+00:00,102.21563720703125,-0.047493599355220795,3,4.638359069824219,0.03239917755126953
2018-02-28 11:36:00+00:00,102.75813293457031,0.11431136727333069,3,4.638359069824219,0.03239917755126953
2018-02-28 11:37:00+00:00,102.24498748779297,-0.038721926510334015,3,4.638359069824219,0.03239917755126953
2018-02-28 11:38:00+00:00,102.21437072753906,-0.047876253724098206,3,4.638359069824219,0.03239917755126953
2018-02-28 11:39:00+00:00,102.33527374267578,-0.011744620278477669,3,4.638359069824219,0.03239917755126953
2018-02-28 11:40:00+00:00,101.97824096679688,-0.11856473982334137,3,4.638359069824219,0.03239917755126953
2018-02-28 11:41:00+00:00,101.91987609863281,-0.13606393337249756,3,4.638359069824219,0.03239917755126953
2018-02-28 11:42:00+00:00,102.2291488647461,-0.043446265161037445,3,4.638359069824219,0.03239917755126953
2018-02-28 11:43:00+00:00,103.3091812133789,0.27779412269592285,3,4.638359069824219,0.03239917755126953
2018-02-28 11:44:00+00:00,102.14769744873047,-0.06781855970621109,3,4.638359069824219,0.03239917755126953
2018-02-28 11:45:00+00:00,102.08275604248047,-0.08726046979427338,3,4.638359069824219,0.03239917755126953
2018-02-28 11:46:00+00:00,102.43705749511719,0.01864716038107872,3,4.638359069824219,0.03239917755126953
2018-02-28 11:47:00+00:00,102.43891906738281,0.01920642890036106,3,4.638359069824219,0.03239917755126953
2018-02-28 11:48:00+00:00,102.61886596679688,0.07285197079181671,3,4.638359069824219,0.03239917755126953
2018-02-28 11:49:00+00:00,102.11203002929688,-0.0784887969493866,3,4.638359069824219,0.03239917755126953
2018-02-28 11:50:00+00:00,102.16484069824219,-0.0626821294426918,3,4.638359069824219,0.03239917755126953
2018-02-28 11:51:00+00:00,105.88751983642578,1.0314514636993408,3,4.638359069824219,0.03239917755126953
2018-02-28 11:52:00+00:00,103.0687026977539,0.20656108856201172,3,4.638359069824219,0.03239917755126953
2018-02-28 11:53:00+00:00,101.9453353881836,-0.1284255087375641,3,4.638359069824219,0.03239917755126953
2018-02-28 11:54:00+00:00,101.97894287109375,-0.11835869401693344,3,4.638359069824219,0.03239917755126953
2018-02-28 11:55:00+00:00,105.01153564453125,0.7774556279182434,3,4.638359069824219,0.03239917755126953
2018-02-28 11:56:00+00:00,102.37403106689453,-0.0001618932728888467,3,4.638359069824219,0.03239917755126953
2018-02-28 11:57:00+00:00,102.29790496826172,-0.02290053851902485,3,4.638359069824219,0.03239917755126953
2018-02-28 11:58:00+00:00,102.1925277709961,-0.0543961375951767,3,4.638359069824219,0.03239917755126953
2018-02-28 11:59:00+00:00,115.26014709472656,3.625746965408325,3,4.638359069824219,0.03239917755126953
2018-02-28 12:00:00+00:00,102.48728942871094,0.0336296483874321,3,4.638359069824219,0.03239917755126953
2018-02-28 12:01:00+00:00,102.19354248046875,-0.05410178750753403,3,4.638359069824219,0.03239917755126953
2018-02-28 12:02:00+00:00,102.2082290649414,-0.049701232463121414,3,4.638359069824219,0.03239917755126953
2018-02-28 12:03:00+00:00,102.469482421875,0.02831660397350788,3,4.638359069824219,0.03239917755126953
2018-02-28 12:04:00+00:00,102.2247314453125,-0.044770848006010056,3,4.638359069824219,0.03239917755126953
2018-02-28 12:05:00+00:00,102.59477996826172,0.06566979736089706,3,4.638359069824219,0.03239917755126953
2018-02-28 12:06:00+00:00,102.34857177734375,-0.007770876865833998,3,4.638359069824219,0.03239917755126953
2018-02-28 12:07:00+00:00,102.68689727783203,0.09310334920883179,3,4.638359069824219,0.03239917755126953
2018-02-28 12:08:00+00:00,102.74859619140625,0.11147087067365646,3,4.638359069824219,0.03239917755126953
2018-02-28 12:09:00+00:00,102.59845733642578,0.06677361577749252,3,4.638359069824219,0.03239917755126953
2018-02-28 12:10:00+00:00,102.21576690673828,-0.047449443489313126,3,4.638359069824219,0.03239917755126953
2018-02-28 12:11:00+00:00,104.12540435791016,0.5183675289154053,3,4.638359069824219,0.03239917755126953
2018-02-28 12:12:00+00:00,102.1985855102539,-0.05258587747812271,3,4.638359069824219,0.03239917755126953
2018-02-28 12:13:00+00:00,102.37654113769531,0.0005887027946300805,3,4.638359069824219,0.03239917755126953
2018-02-28 12:14:00+00:00,102.61322784423828,0.07117416709661484,3,4.638359069824219,0.03239917755126953
2018-02-28 12:15:00+00:00,102.18888092041016,-0.055499956011772156,3,4.638359069824219,0.03239917755126953
2018-02-28 12:16:00+00:00,102.41908264160156,0.013289965689182281,3,4.638359069824219,0.03239917755126953
2018-02-28 12:17:00+00:00,102.28961181640625,-0.02537309005856514,3,4.638359069824219,0.03239917755126953
2018-02-28 12:18:00+00:00,102.71480560302734,0.10141877084970474,3,4.638359069824219,0.03239917755126953
2018-02-28 12:19:00+00:00,102.33415222167969,-0.012068407610058784,3,4.638359069824219,0.03239917755126953
2018-02-28 12:20:00+00:00,102.72528839111328,0.10453889518976212,3,4.638359069824219,0.03239917755126953
2018-02-28 12:21:00+00:00,102.28466033935547,-0.02685956470668316,3,4.638359069824219,0.03239917755126953
2018-02-28 12:22:00+00:00,102.16317749023438,-0.0631825253367424,3,4.638359069824219,0.03239917755126953
2018-02-28 12:23:00+00:00,103.14971923828125,0.2305801659822464,3,4.638359069824219,0.03239917755126953
2018-02-28 12:24:00+00:00,102.41582489013672,0.012318605557084084,3,4.638359069824219,0.03239917755126953
2018-02-28 12:25:00+00:00,102.80465698242188,0.12814587354660034,3,4.638359069824219,0.03239917755126953
2018-02-28 12:26:00+00:00,102.29996490478516,-0.022282401099801064,3,4.638359069824219,0.03239917755126953
2018-02-28 12:27:00+00:00,102.45995330810547,0.025476112961769104,3,4.638359069824219,0.03239917755126953
2018-02-28 12:28:00+00:00,102.35237121582031,-0.0066376239992678165,3,4.638359069824219,0.03239917755126953
2018-02-28 12:29:00+00:00,102.3148193359375,-0.017852412536740303,3,4.638359069824219,0.03239917755126953
2018-02-28 12:30:00+00:00,102.7723617553711,0.11853531002998352,3,4.638359069824219,0.03239917755126953
2018-02-28 12:31:00+00:00,102.29515838623047,-0.023724721744656563,3,4.638359069824219,0.03239917755126953
2018-02-28 12:32:00+00:00,102.85091400146484,0.14189209043979645,3,4.638359069824219,0.03239917755126953
2018-02-28 12:33:00+00:00,102.4913330078125,0.03483648598194122,3,4.638359069824219,0.03239917755126953
2018-02-28 12:34:00+00:00,102.29086303710938,-0.025005150586366653,3,4.638359069824219,0.03239917755126953
2018-02-28 12:35:00+00:00,102.39151000976562,0.005048126447945833,3,4.638359069824219,0.03239917755126953
2018-02-28 12:36:00+00:00,102.22140502929688,-0.04577164351940155,3,4.638359069824219,0.03239917755126953
2018-02-28 12:37:00+00:00,102.337890625,-0.010949871502816677,3,4.638359069824219,0.03239917755126953
2018-02-28 12:38:00+00:00,104.30467987060547,0.5709681510925293,3,4.638359069824219,0.03239917755126953
2018-02-28 12:39:00+00:00,102.46634674072266,0.027389397844672203,3,4.638359069824219,0.03239917755126953
2018-02-28 12:40:00+00:00,104.2247314453125,0.547523021697998,3,4.638359069824219,0.03239917755126953
2018-02-28 12:41:00+00:00,102.87618255615234,0.1493980586528778,3,4.638359069824219,0.03239917755126953
2018-02-28 12:42:00+00:00,102.80633544921875,0.12864628434181213,3,4.638359069824219,0.03239917755126953
2018-02-28 12:43:00+00:00,102.00579833984375,-0.11030818521976471,3,4.638359069824219,0.03239917755126953
2018-02-28 12:44:00+00:00,102.47830963134766,0.03095104917883873,3,4.638359069824219,0.03239917755126953
2018-02-28 12:45:00+00:00,104.099853515625,0.5108762979507446,3,4.638359069824219,0.03239917755126953
2018-02-28 12:46:00+00:00,102.43097686767578,0.016836900264024734,3,4.638359069824219,0.03239917755126953
2018-02-28 12:47:00+00:00,102.90379333496094,0.1576104611158371,3,4.638359069824219,0.03239917755126953
2018-02-28 12:48:00+00:00,102.23297882080078,-0.04231301322579384,3,4.638359069824219,0.03239917755126953
2018-02-28 12:49:00+00:00,102.31122589111328,-0.018926795572042465,3,4.638359069824219,0.03239917755126953
2018-02-28 12:50:00+00:00,102.52774047851562,0.045698054134845734,3,4.638359069824219,0.03239917755126953
2018-02-28 12:51:00+00:00,102.21061706542969,-0.04899479076266289,3,4.638359069824219,0.03239917755126953
2018-02-28 12:52:00+00:00,102.68202209472656,0.09166102856397629,3,4.638359069824219,0.03239917755126953
2018-02-28 12:53:00+00:00,102.86048889160156,0.1447473019361496,3,4.638359069824219,0.03239917755126953
2018-02-28 12:54:00+00:00,102.50214385986328,0.03805963695049286,3,4.638359069824219,0.03239917755126953
2018-02-28 12:55:00+00:00,102.18582916259766,-0.05641244351863861,3,4.638359069824219,0.03239917755126953
2018-02-28 12:56:00+00:00,102.8691177368164,0.14730815589427948,3,4.638359069824219,0.03239917755126953
2018-02-28 12:57:00+00:00,102.85685729980469,0.14365820586681366,3,4.638359069824219,0.03239917755126953
2018-02-28 12:58:00+00:00,102.2136459350586,-0.048082299530506134,3,4.638359069824219,0.03239917755126953
2018-02-28 12:59:00+00:00,102.5441665649414,0.050599005073308945,3,4.638359069824219,0.03239917755126953
2018-03-01 01:00:00+00:00,102.834228515625,0.13693226873874664,3,4.638359069824219,0.03239917755126953
2018-03-01 01:01:00+00:00,103.38422393798828,0.2999882400035858,3,4.638359069824219,0.03239917755126953
2018-03-01 01:02:00+00:00,103.01161193847656,0.18962116539478302,3,4.638359069824219,0.03239917755126953
2018-03-01 01:03:00+00:00,102.3027572631836,-0.0214582160115242,3,4.638359069824219,0.03239917755126953
2018-03-01 01:04:00+00:00,102.79973602294922,0.1266741305589676,3,4.638359069824219,0.03239917755126953
2018-03-01 01:05:00+00:00,102.67876434326172,0.09068966656923294,3,4.638359069824219,0.03239917755126953
2018-03-01 01:06:00+00:00,102.424072265625,0.0147764403373003,3,4.638359069824219,0.03239917755126953
2018-03-01 01:07:00+00:00,102.31073760986328,-0.0190739706158638,3,4.638359069824219,0.03239917755126953
2018-03-01 01:08:00+00:00,102.27278900146484,-0.030406499281525612,3,4.638359069824219,0.03239917755126953
2018-03-01 01:09:00+00:00,102.15801239013672,-0.06472787261009216,3,4.638359069824219,0.03239917755126953
2018-03-01 01:10:00+00:00,102.02037048339844,-0.10593707114458084,3,4.638359069824219,0.03239917755126953
2018-03-01 01:11:00+00:00,102.14044189453125,-0.06998204439878464,3,4.638359069824219,0.03239917755126953
2018-03-01 01:12:00+00:00,102.2193374633789,-0.046389780938625336,3,4.638359069824219,0.03239917755126953
2018-03-01 01:13:00+00:00,103.04452514648438,0.19937892258167267,3,4.638359069824219,0.03239917755126953
2018-03-01 01:14:00+00:00,102.37071990966797,-0.0011479704407975078,3,4.638359069824219,0.03239917755126953
2018-03-01 01:15:00+00:00,102.20401763916016,-0.05096694454550743,3,4.638359069824219,0.03239917755126953
2018-03-01 01:16:00+00:00,102.27580261230469,-0.02950872667133808,3,4.638359069824219,0.03239917755126953
2018-03-01 01:17:00+00:00,102.13186645507812,-0.07255762070417404,3,4.638359069824219,0.03239917755126953
2018-03-01 01:18:00+00:00,102.35442352294922,-0.006019486114382744,3,4.638359069824219,0.03239917755126953
2018-03-01 01:19:00+00:00,102.28063201904297,-0.028066406026482582,3,4.638359069824219,0.03239917755126953
2018-03-01 01:20:00+00:00,102.28043365478516,-0.028125276789069176,3,4.638359069824219,0.03239917755126953
2018-03-01 01:21:00+00:00,102.37347412109375,-0.0003237865457776934,3,4.638359069824219,0.03239917755126953
2018-03-01 01:22:00+00:00,101.77257537841797,-0.1802607923746109,3,4.638359069824219,0.03239917755126953
2018-03-01 01:23:00+00:00,103.06757354736328,0.20622259378433228,3,4.638359069824219,0.03239917755126953
2018-03-01 01:24:00+00:00,101.94857025146484,-0.12745416164398193,3,4.638359069824219,0.03239917755126953
2018-03-01 01:25:00+00:00,102.62690734863281,0.07525093108415604,3,4.638359069824219,0.03239917755126953
2018-03-01 01:26:00+00:00,102.27001190185547,-0.031230682507157326,3,4.638359069824219,0.03239917755126953
2018-03-01 01:27:00+00:00,102.16090393066406,-0.06385953724384308,3,4.638359069824219,0.03239917755126953
2018-03-01 01:28:00+00:00,102.4747314453125,0.02989138476550579,3,4.638359069824219,0.03239917755126953
2018-03-01 01:29:00+00:00,102.26116180419922,-0.0338798463344574,3,4.638359069824219,0.03239917755126953
2018-03-01 01:30:00+00:00,102.55706024169922,0.05444028973579407,3,4.638359069824219,0.03239917755126953
2018-03-01 01:31:00+00:00,102.37994384765625,0.00160421512555331,3,4.638359069824219,0.03239917755126953
2018-03-01 01:32:00+00:00,102.95370483398438,0.17243105173110962,3,4.638359069824219,0.03239917755126953
2018-03-01 01:33:00+00:00,102.84158325195312,0.13912518322467804,3,4.638359069824219,0.03239917755126953
2018-03-01 01:34:00+00:00,102.29124450683594,-0.024887410923838615,3,4.638359069824219,0.03239917755126953
2018-03-01 01:35:00+00:00,102.36795043945312,-0.0019721542485058308,3,4.638359069824219,0.03239917755126953
2018-03-01 01:36:00+00:00,102.41040802001953,0.010699673555791378,3,4.638359069824219,0.03239917755126953
2018-03-01 01:37:00+00:00,101.9936294555664,-0.11395814269781113,3,4.638359069824219,0.03239917755126953
2018-03-01 01:38:00+00:00,102.08577728271484,-0.08634798228740692,3,4.638359069824219,0.03239917755126953
2018-03-01 01:39:00+00:00,102.54197692871094,0.04993671551346779,3,4.638359069824219,0.03239917755126953
2018-03-01 01:40:00+00:00,102.24822235107422,-0.037750568240880966,3,4.638359069824219,0.03239917755126953
2018-03-01 01:41:00+00:00,102.15547943115234,-0.06549318879842758,3,4.638359069824219,0.03239917755126953
2018-03-01 01:42:00+00:00,104.58426666259766,0.6527978181838989,3,4.638359069824219,0.03239917755126953
2018-03-01 01:43:00+00:00,102.28820037841797,-0.02579990029335022,3,4.638359069824219,0.03239917755126953
2018-03-01 01:44:00+00:00,102.05104064941406,-0.0967533066868782,3,4.638359069824219,0.03239917755126953
2018-03-01 01:45:00+00:00,102.29833984375,-0.022768080234527588,3,4.638359069824219,0.03239917755126953
2018-03-01 01:46:00+00:00,102.76242065429688,0.1155770793557167,3,4.638359069824219,0.03239917755126953
2018-03-01 01:47:00+00:00,102.33523559570312,-0.011744620278477669,3,4.638359069824219,0.03239917755126953
2018-03-01 01:48:00+00:00,102.58055114746094,0.06143113598227501,3,4.638359069824219,0.03239917755126953
2018-03-01 01:49:00+00:00,102.07597351074219,-0.08929149806499481,3,4.638359069824219,0.03239917755126953
2018-03-01 01:50:00+00:00,102.40451049804688,0.008933564648032188,3,4.638359069824219,0.03239917755126953
2018-03-01 01:51:00+00:00,102.37805938720703,0.0010449474211782217,3,4.638359069824219,0.03239917755126953
2018-03-01 01:52:00+00:00,102.58296203613281,0.06215229630470276,3,4.638359069824219,0.03239917755126953
2018-03-01 01:53:00+00:00,102.15805053710938,-0.06471315771341324,3,4.638359069824219,0.03239917755126953
2018-03-01 01:54:00+00:00,102.52843475341797,0.04590409994125366,3,4.638359069824219,0.03239917755126953
2018-03-01 01:55:00+00:00,102.03568267822266,-0.10134518891572952,3,4.638359069824219,0.03239917755126953
2018-03-01 01:56:00+00:00,102.4408187866211,0.019765695556998253,3,4.638359069824219,0.03239917755126953
2018-03-01 01:57:00+00:00,102.30667877197266,-0.020280811935663223,3,4.638359069824219,0.03239917755126953
2018-03-01 01:58:00+00:00,102.0937728881836,-0.0839490219950676,3,4.638359069824219,0.03239917755126953
2018-03-01 01:59:00+00:00,102.387939453125,0.003988461568951607,3,4.638359069824219,0.03239917755126953
2018-03-01 02:00:00+00:00,106.19004821777344,1.1186825037002563,3,4.638359069824219,0.03239917755126953
2018-03-01 02:01:00+00:00,102.16227722167969,-0.06344744563102722,3,4.638359069824219,0.03239917755126953
2018-03-01 02:02:00+00:00,103.04205322265625,0.1986430436372757,3,4.638359069824219,0.03239917755126953
2018-03-01 02:03:00+00:00,102.5786361694336,0.06087186932563782,3,4.638359069824219,0.03239917755126953
2018-03-01 02:04:00+00:00,102.228515625,-0.04363759607076645,3,4.638359069824219,0.03239917755126953
2018-03-01 02:05:00+00:00,102.40022277832031,0.007653136271983385,3,4.638359069824219,0.03239917755126953
2018-03-01 02:06:00+00:00,102.23210906982422,-0.04256321117281914,3,4.638359069824219,0.03239917755126953
2018-03-01 02:07:00+00:00,102.26708221435547,-0.03211373835802078,3,4.638359069824219,0.03239917755126953
2018-03-01 02:08:00+00:00,102.16992950439453,-0.06116621941328049,3,4.638359069824219,0.03239917755126953
2018-03-01 02:09:00+00:00,102.3929443359375,0.005489653442054987,3,4.638359069824219,0.03239917755126953
2018-03-01 02:10:00+00:00,102.09685516357422,-0.08303652703762054,3,4.638359069824219,0.03239917755126953
2018-03-01 02:11:00+00:00,102.26913452148438,-0.031495600938797,3,4.638359069824219,0.03239917755126953
2018-03-01 02:12:00+00:00,102.3091049194336,-0.019559649750590324,3,4.638359069824219,0.03239917755126953
2018-03-01 02:13:00+00:00,102.23857879638672,-0.040635209530591965,3,4.638359069824219,0.03239917755126953
2018-03-01 02:14:00+00:00,106.85721588134766,1.3101874589920044,3,4.638359069824219,0.03239917755126953
2018-03-01 02:15:00+00:00,103.16798400878906,0.2359815090894699,3,4.638359069824219,0.03239917755126953
2018-03-01 02:16:00+00:00,104.968505859375,0.7649162411689758,3,4.638359069824219,0.03239917755126953
2018-03-01 02:17:00+00:00,102.42807006835938,0.0159685630351305,3,4.638359069824219,0.03239917755126953
2018-03-01 02:18:00+00:00,102.60073852539062,0.0674506202340126,3,4.638359069824219,0.03239917755126953
2018-03-01 02:19:00+00:00,102.20911407470703,-0.04943631589412689,3,4.638359069824219,0.03239917755126953
2018-03-01 02:20:00+00:00,102.12332153320312,-0.075103759765625,3,4.638359069824219,0.03239917755126953
2018-03-01 02:21:00+00:00,102.59471893310547,0.06565508246421814,3,4.638359069824219,0.03239917755126953
2018-03-01 02:22:00+00:00,102.0835189819336,-0.087024986743927,3,4.638359069824219,0.03239917755126953
2018-03-01 02:23:00+00:00,102.29739379882812,-0.023047713562846184,3,4.638359069824219,0.03239917755126953
2018-03-01 02:24:00+00:00,102.3266830444336,-0.01430547796189785,3,4.638359069824219,0.03239917755126953
2018-03-01 02:25:00+00:00,104.89964294433594,0.7448562383651733,3,4.638359069824219,0.03239917755126953
2018-03-01 02:26:00+00:00,102.47891235351562,0.031142378225922585,3,4.638359069824219,0.03239917755126953
2018-03-01 02:27:00+00:00,155.62892150878906,12.82502269744873,3,4.638359069824219,0.03239917755126953
2018-03-01 02:28:00+00:00,102.47956848144531,0.03133370727300644,3,4.638359069824219,0.03239917755126953
2018-03-01 02:29:00+00:00,122.51482391357422,5.494024753570557,3,4.638359069824219,0.03239917755126953
2018-03-01 02:30:00+00:00,106.2065658569336,1.1234362125396729,3,4.638359069824219,0.03239917755126953
2018-03-01 02:31:00+00:00,112.48185729980469,2.8792128562927246,3,4.638359069824219,0.03239917755126953
2018-03-01 02:32:00+00:00,102.45136260986328,0.022915257140994072,3,4.638359069824219,0.03239917755126953
2018-03-01 02:33:00+00:00,106.45668029785156,1.1953610181808472,3,4.638359069824219,0.03239917755126953
2018-03-01 02:34:00+00:00,102.28695678710938,-0.026167839765548706,3,4.638359069824219,0.03239917755126953
2018-03-01 02:35:00+00:00,102.29814910888672,-0.02282695099711418,3,4.638359069824219,0.03239917755126953
2018-03-01 02:36:00+00:00,102.33856201171875,-0.010758543387055397,3,4.638359069824219,0.03239917755126953
2018-03-01 02:37:00+00:00,108.10408782958984,1.6649545431137085,3,4.638359069824219,0.03239917755126953
2018-03-01 02:38:00+00:00,102.52161407470703,0.043873075395822525,3,4.638359069824219,0.03239917755126953
2018-03-01 02:39:00+00:00,102.48141479492188,0.03187825530767441,3,4.638359069824219,0.03239917755126953
2018-03-01 02:40:00+00:00,108.34172821044922,1.7321107387542725,3,4.638359069824219,0.03239917755126953
2018-03-01 02:41:00+00:00,102.38399505615234,0.002811055863276124,3,4.638359069824219,0.03239917755126953
2018-03-01 02:42:00+00:00,115.53846740722656,3.6995556354522705,3,4.638359069824219,0.03239917755126953
2018-03-01 02:43:00+00:00,102.33651733398438,-0.011361964046955109,3,4.638359069824219,0.03239917755126953
2018-03-01 02:44:00+00:00,102.48210144042969,0.032084301114082336,3,4.638359069824219,0.03239917755126953
2018-03-01 02:45:00+00:00,102.96458435058594,0.17565420269966125,3,4.638359069824219,0.03239917755126953
2018-03-01 02:46:00+00:00,102.43480682373047,0.017984870821237564,3,4.638359069824219,0.03239917755126953
2018-03-01 02:47:00+00:00,102.22460174560547,-0.044815000146627426,3,4.638359069824219,0.03239917755126953
2018-03-01 02:48:00+00:00,102.28386688232422,-0.027095045894384384,3,4.638359069824219,0.03239917755126953
2018-03-01 02:49:00+00:00,102.05384826660156,-0.09591440111398697,3,4.638359069824219,0.03239917755126953
2018-03-01 02:50:00+00:00,102.73823547363281,0.10839489847421646,3,4.638359069824219,0.03239917755126953
2018-03-01 02:51:00+00:00,102.1414794921875,-0.06967297196388245,3,4.638359069824219,0.03239917755126953
2018-03-01 02:52:00+00:00,102.51373291015625,0.04151826351881027,3,4.638359069824219,0.03239917755126953
2018-03-01 02:53:00+00:00,102.28414154052734,-0.027006739750504494,3,4.638359069824219,0.03239917755126953
2018-03-01 02:54:00+00:00,102.31562805175781,-0.017602212727069855,3,4.638359069824219,0.03239917755126953
2018-03-01 02:55:00+00:00,102.23552703857422,-0.04154770076274872,3,4.638359069824219,0.03239917755126953
2018-03-01 02:56:00+00:00,102.24537658691406,-0.03860418498516083,3,4.638359069824219,0.03239917755126953
2018-03-01 02:57:00+00:00,102.37556457519531,0.00029435139731504023,3,4.638359069824219,0.03239917755126953
2018-03-01 02:58:00+00:00,57.22018814086914,-0.11973082274198532,4,4.0689239501953125,0.0391845703125
2018-03-01 02:59:00+00:00,57.2616081237793,-0.10158684104681015,4,4.0689239501953125,0.0391845703125
2018-03-01 03:00:00+00:00,57.414268493652344,-0.034803349524736404,4,4.0689239501953125,0.0391845703125
2018-03-01 03:01:00+00:00,57.00838088989258,-0.21275068819522858,4,4.0689239501953125,0.0391845703125
2018-03-01 03:02:00+00:00,57.16211700439453,-0.14520055055618286,4,4.0689239501953125,0.0391845703125
2018-03-01 03:03:00+00:00,57.347286224365234,-0.06408196687698364,4,4.0689239501953125,0.0391845703125
2018-03-01 03:04:00+00:00,57.66313171386719,0.07369548082351685,4,4.0689239501953125,0.0391845703125
2018-03-01 03:05:00+00:00,57.1357307434082,-0.15678544342517853,4,4.0689239501953125,0.0391845703125
2018-03-01 03:06:00+00:00,57.33280944824219,-0.07042202353477478,4,4.0689239501953125,0.0391845703125
2018-03-01 03:07:00+00:00,57.18571853637695,-0.13484472036361694,4,4.0689239501953125,0.0391845703125
2018-03-01 03:08:00+00:00,56.82008361816406,-0.2957189381122589,4,4.0689239501953125,0.0391845703125
2018-03-01 03:09:00+00:00,57.20480728149414,-0.12647244334220886,4,4.0689239501953125,0.0391845703125
2018-03-01 03:10:00+00:00,57.369049072265625,-0.05456580966711044,4,4.0689239501953125,0.0391845703125
2018-03-01 03:11:00+00:00,57.704105377197266,0.09151090681552887,4,4.0689239501953125,0.0391845703125
2018-03-01 03:12:00+00:00,57.319801330566406,-0.07610494643449783,4,4.0689239501953125,0.0391845703125
2018-03-01 03:13:00+00:00,57.194488525390625,-0.13099931180477142,4,4.0689239501953125,0.0391845703125
2018-03-01 03:14:00+00:00,56.98910903930664,-0.22123247385025024,4,4.0689239501953125,0.0391845703125
2018-03-01 03:15:00+00:00,57.084144592285156,-0.1794441193342209,4,4.0689239501953125,0.0391845703125
2018-03-01 03:16:00+00:00,57.36521911621094,-0.05624513328075409,4,4.0689239501953125,0.0391845703125
2018-03-01 03:17:00+00:00,57.53942108154297,0.01981113664805889,4,4.0689239501953125,0.0391845703125
2018-03-01 03:18:00+00:00,57.7506103515625,0.11171144992113113,4,4.0689239501953125,0.0391845703125
2018-03-01 03:19:00+00:00,57.53203201293945,0.016598520800471306,4,4.0689239501953125,0.0391845703125
2018-03-01 03:20:00+00:00,57.162139892578125,-0.1451883763074875,4,4.0689239501953125,0.0391845703125
2018-03-01 03:21:00+00:00,57.18818283081055,-0.13377384841442108,4,4.0689239501953125,0.0391845703125
2018-03-01 03:22:00+00:00,57.10282897949219,-0.17123004794120789,4,4.0689239501953125,0.0391845703125
2018-03-01 03:23:00+00:00,58.08014678955078,0.2544660270214081,4,4.0689239501953125,0.0391845703125
2018-03-01 03:24:00+00:00,57.620216369628906,0.055016063153743744,4,4.0689239501953125,0.0391845703125
2018-03-01 03:25:00+00:00,57.732147216796875,0.10369207710027695,4,4.0689239501953125,0.0391845703125
2018-03-01 03:26:00+00:00,57.375465393066406,-0.05176693946123123,4,4.0689239501953125,0.0391845703125
2018-03-01 03:27:00+00:00,61.11466598510742,1.532698154449463,4,4.0689239501953125,0.0391845703125
2018-03-01 03:28:00+00:00,57.83310317993164,0.14752481877803802,4,4.0689239501953125,0.0391845703125
2018-03-01 03:29:00+00:00,58.11537170410156,0.2696772813796997,4,4.0689239501953125,0.0391845703125
2018-03-01 03:30:00+00:00,57.60702896118164,0.04927229508757591,4,4.0689239501953125,0.0391845703125
2018-03-01 03:31:00+00:00,57.56983184814453,0.03306318074464798,4,4.0689239501953125,0.0391845703125
2018-03-01 03:32:00+00:00,58.1282958984375,0.2752506732940674,4,4.0689239501953125,0.0391845703125
2018-03-01 03:33:00+00:00,57.837867736816406,0.1495935618877411,4,4.0689239501953125,0.0391845703125
2018-03-01 03:34:00+00:00,57.32073211669922,-0.07570336759090424,4,4.0689239501953125,0.0391845703125
2018-03-01 03:35:00+00:00,59.364227294921875,0.8031907081604004,4,4.0689239501953125,0.0391845703125
2018-03-01 03:36:00+00:00,57.89350128173828,0.17371252179145813,4,4.0689239501953125,0.0391845703125
2018-03-01 03:37:00+00:00,61.211612701416016,1.5725029706954956,4,4.0689239501953125,0.0391845703125
2018-03-01 03:38:00+00:00,57.21244812011719,-0.12312597036361694,4,4.0689239501953125,0.0391845703125
2018-03-01 03:39:00+00:00,57.619110107421875,0.054529301822185516,4,4.0689239501953125,0.0391845703125
2018-03-01 03:40:00+00:00,57.19777297973633,-0.1295633763074875,4,4.0689239501953125,0.0391845703125
2018-03-01 03:41:00+00:00,57.41548538208008,-0.034267913550138474,4,4.0689239501953125,0.0391845703125
2018-03-01 03:42:00+00:00,57.39977264404297,-0.041143398731946945,4,4.0689239501953125,0.0391845703125
2018-03-01 03:43:00+00:00,57.33277893066406,-0.07043419033288956,4,4.0689239501953125,0.0391845703125
2018-03-01 03:44:00+00:00,56.91839599609375,-0.25237295031547546,4,4.0689239501953125,0.0391845703125
2018-03-01 03:45:00+00:00,58.801292419433594,0.5640819668769836,4,4.0689239501953125,0.0391845703125
2018-03-01 03:46:00+00:00,57.539276123046875,0.019750291481614113,4,4.0689239501953125,0.0391845703125
2018-03-01 03:47:00+00:00,57.10782241821289,-0.16903962194919586,4,4.0689239501953125,0.0391845703125
2018-03-01 03:48:00+00:00,57.02989959716797,-0.2032831907272339,4,4.0689239501953125,0.0391845703125
2018-03-01 03:49:00+00:00,57.72394943237305,0.10013872385025024,4,4.0689239501953125,0.0391845703125
2018-03-01 03:50:00+00:00,57.02790451049805,-0.20415936410427094,4,4.0689239501953125,0.0391845703125
2018-03-01 03:51:00+00:00,57.279075622558594,-0.09393253177404404,4,4.0689239501953125,0.0391845703125
2018-03-01 03:52:00+00:00,57.614444732666016,0.052497077733278275,4,4.0689239501953125,0.0391845703125
2018-03-01 03:53:00+00:00,57.377193450927734,-0.05100029334425926,4,4.0689239501953125,0.0391845703125
2018-03-01 03:54:00+00:00,57.31632614135742,-0.077626071870327,4,4.0689239501953125,0.0391845703125
2018-03-01 03:55:00+00:00,57.47044372558594,-0.010270638391375542,4,4.0689239501953125,0.0391845703125
2018-03-01 03:56:00+00:00,57.87821578979492,0.16709257662296295,4,4.0689239501953125,0.0391845703125
2018-03-01 03:57:00+00:00,57.1436767578125,-0.1532929390668869,4,4.0689239501953125,0.0391845703125
2018-03-01 03:58:00+00:00,57.18537139892578,-0.13500292599201202,4,4.0689239501953125,0.0391845703125
2018-03-01 03:59:00+00:00,57.35109329223633,-0.06241481751203537,4,4.0689239501953125,0.0391845703125
2018-03-01 04:00:00+00:00,57.80927658081055,0.13719333708286285,4,4.0689239501953125,0.0391845703125
2018-03-01 05:11:00+00:00,57.845863342285156,0.15306171774864197,4,4.0689239501953125,0.0391845703125
2018-03-01 05:12:00+00:00,57.00812911987305,-0.21286019682884216,4,4.0689239501953125,0.0391845703125
2018-03-01 05:13:00+00:00,57.612388610839844,0.05160874128341675,4,4.0689239501953125,0.0391845703125
2018-03-01 05:14:00+00:00,56.91188049316406,-0.25523266196250916,4,4.0689239501953125,0.0391845703125
2018-03-01 05:15:00+00:00,58.00847244262695,0.22348374128341675,4,4.0689239501953125,0.0391845703125
2018-03-01 05:16:00+00:00,57.83515930175781,0.14841316640377045,4,4.0689239501953125,0.0391845703125
2018-03-01 05:17:00+00:00,57.7280387878418,0.1019154042005539,4,4.0689239501953125,0.0391845703125
2018-03-01 05:18:00+00:00,56.929744720458984,-0.24737149477005005,4,4.0689239501953125,0.0391845703125
2018-03-01 05:19:00+00:00,57.268070220947266,-0.09875146299600601,4,4.0689239501953125,0.0391845703125
2018-03-01 05:20:00+00:00,57.27701187133789,-0.09484521299600601,4,4.0689239501953125,0.0391845703125
2018-03-01 05:21:00+00:00,57.115211486816406,-0.16579049825668335,4,4.0689239501953125,0.0391845703125
2018-03-01 05:22:00+00:00,57.33451461791992,-0.06966754049062729,4,4.0689239501953125,0.0391845703125
2018-03-01 05:23:00+00:00,57.21792221069336,-0.12072867900133133,4,4.0689239501953125,0.0391845703125
2018-03-01 05:24:00+00:00,58.10113525390625,0.2635319232940674,4,4.0689239501953125,0.0391845703125
2018-03-01 05:25:00+00:00,57.829891204833984,0.1461375653743744,4,4.0689239501953125,0.0391845703125
2018-03-01 05:26:00+00:00,57.89811706542969,0.17570823431015015,4,4.0689239501953125,0.0391845703125
2018-03-01 05:27:00+00:00,57.054969787597656,-0.1922580748796463,4,4.0689239501953125,0.0391845703125
2018-03-01 05:28:00+00:00,57.83015441894531,0.14624707400798798,4,4.0689239501953125,0.0391845703125
2018-03-01 05:29:00+00:00,57.27788162231445,-0.09445580095052719,4,4.0689239501953125,0.0391845703125
2018-03-01 05:30:00+00:00,98.3421401977539,13.516695976257324,4,4.0689239501953125,0.0391845703125
2018-03-01 05:31:00+00:00,68.91242980957031,4.550756931304932,4,4.0689239501953125,0.0391845703125
2018-03-01 05:32:00+00:00,79.310546875,8.089332580566406,4,4.0689239501953125,0.0391845703125
2018-03-01 05:33:00+00:00,66.22171020507812,3.5491628646850586,4,4.0689239501953125,0.0391845703125
2018-03-01 05:34:00+00:00,63.524658203125,2.5041375160217285,4,4.0689239501953125,0.0391845703125
2018-03-01 05:35:00+00:00,105.78518676757812,15.360518455505371,4,4.0689239501953125,0.0391845703125
2018-03-01 05:36:00+00:00,75.61121368408203,6.885867118835449,4,4.0689239501953125,0.0391845703125
2018-03-01 05:37:00+00:00,307.75140380859375,42.45580291748047,4,4.0689239501953125,0.0391845703125
2018-03-01 05:38:00+00:00,77.7697982788086,7.594966888427734,4,4.0689239501953125,0.0391845703125
2018-03-01 05:39:00+00:00,76.93275451660156,7.322332382202148,4,4.0689239501953125,0.0391845703125
2018-03-01 05:40:00+00:00,66.93795013427734,3.819643259048462,4,4.0689239501953125,0.0391845703125
2018-03-01 05:41:00+00:00,306.50360107421875,42.35246276855469,4,4.0689239501953125,0.0391845703125
2018-03-01 05:42:00+00:00,76.90521240234375,7.313315391540527,4,4.0689239501953125,0.0391845703125
2018-03-01 05:43:00+00:00,306.0119934082031,42.311622619628906,4,4.0689239501953125,0.0391845703125
2018-03-01 05:44:00+00:00,76.98651123046875,7.339929103851318,4,4.0689239501953125,0.0391845703125
2018-03-01 05:45:00+00:00,128.68182373046875,20.318206787109375,4,4.0689239501953125,0.0391845703125
2018-03-01 08:16:00+00:00,59.607826232910156,0.9059700965881348,4,4.0689239501953125,0.0391845703125
2018-03-01 08:17:00+00:00,57.535850524902344,0.01825350522994995,4,4.0689239501953125,0.0391845703125
2018-03-01 08:18:00+00:00,58.77770233154297,0.5540181994438171,4,4.0689239501953125,0.0391845703125
2018-03-01 08:19:00+00:00,57.199161529541016,-0.1289549320936203,4,4.0689239501953125,0.0391845703125
2018-03-01 08:20:00+00:00,57.32450866699219,-0.07404838502407074,4,4.0689239501953125,0.0391845703125
2018-03-01 08:21:00+00:00,56.948177337646484,-0.23924259841442108,4,4.0689239501953125,0.0391845703125
2018-03-01 08:22:00+00:00,57.22182083129883,-0.11902502179145813,4,4.0689239501953125,0.0391845703125
2018-03-01 08:23:00+00:00,58.197505950927734,0.3051012456417084,4,4.0689239501953125,0.0391845703125
2018-03-01 08:24:00+00:00,56.9629020690918,-0.2327686846256256,4,4.0689239501953125,0.0391845703125
2018-03-01 08:25:00+00:00,57.40534591674805,-0.03869742900133133,4,4.0689239501953125,0.0391845703125
2018-03-01 08:26:00+00:00,71.39038848876953,5.439629554748535,4,4.0689239501953125,0.0391845703125
2018-03-01 08:27:00+00:00,58.886959075927734,0.6006132960319519,4,4.0689239501953125,0.0391845703125
2018-03-01 08:28:00+00:00,57.42036056518555,-0.032138336449861526,4,4.0689239501953125,0.0391845703125
2018-03-01 08:29:00+00:00,57.7790641784668,0.12407515943050385,4,4.0689239501953125,0.0391845703125
2018-03-01 08:30:00+00:00,57.04328536987305,-0.19739340245723724,4,4.0689239501953125,0.0391845703125
2018-03-01 08:31:00+00:00,58.867427825927734,0.5922897458076477,4,4.0689239501953125,0.0391845703125
2018-03-01 08:32:00+00:00,57.34261703491211,-0.06612636148929596,4,4.0689239501953125,0.0391845703125
2018-03-01 08:33:00+00:00,57.77473449707031,0.12218896299600601,4,4.0689239501953125,0.0391845703125
2018-03-01 08:34:00+00:00,57.385433197021484,-0.04741043597459793,4,4.0689239501953125,0.0391845703125
2018-03-01 08:35:00+00:00,57.424034118652344,-0.030532028526067734,4,4.0689239501953125,0.0391845703125
2018-03-01 08:36:00+00:00,57.445640563964844,-0.021101051941514015,4,4.0689239501953125,0.0391845703125
2018-03-01 08:37:00+00:00,57.34038543701172,-0.06709988415241241,4,4.0689239501953125,0.0391845703125
2018-03-01 08:38:00+00:00,58.425697326660156,0.4032929241657257,4,4.0689239501953125,0.0391845703125
2018-03-01 08:39:00+00:00,56.88396072387695,-0.26754769682884216,4,4.0689239501953125,0.0391845703125
2018-03-01 08:40:00+00:00,57.63217544555664,0.060224395245313644,4,4.0689239501953125,0.0391845703125
2018-03-01 08:41:00+00:00,57.67867660522461,0.08044928312301636,4,4.0689239501953125,0.0391845703125
2018-03-01 08:42:00+00:00,58.003143310546875,0.22118380665779114,4,4.0689239501953125,0.0391845703125
2018-03-01 08:43:00+00:00,57.27861404418945,-0.09413940459489822,4,4.0689239501953125,0.0391845703125
2018-03-01 08:44:00+00:00,59.27550506591797,0.7656493186950684,4,4.0689239501953125,0.0391845703125
2018-03-01 08:45:00+00:00,57.593414306640625,0.04334598779678345,4,4.0689239501953125,0.0391845703125
2018-03-01 08:46:00+00:00,57.45982360839844,-0.014907028526067734,4,4.0689239501953125,0.0391845703125
2018-03-01 08:47:00+00:00,57.363040924072266,-0.057194314897060394,4,4.0689239501953125,0.0391845703125
2018-03-01 08:48:00+00:00,56.8864860534668,-0.266428142786026,4,4.0689239501953125,0.0391845703125
2018-03-01 08:49:00+00:00,57.532379150390625,0.016744548454880714,4,4.0689239501953125,0.0391845703125
2018-03-01 08:50:00+00:00,57.14484786987305,-0.15278182923793793,4,4.0689239501953125,0.0391845703125
2018-03-01 08:51:00+00:00,57.03630828857422,-0.20045998692512512,4,4.0689239501953125,0.0391845703125
2018-03-01 08:52:00+00:00,57.406734466552734,-0.03810114786028862,4,4.0689239501953125,0.0391845703125
2018-03-01 08:53:00+00:00,57.26946258544922,-0.09814301133155823,4,4.0689239501953125,0.0391845703125
2018-03-01 08:54:00+00:00,57.58271026611328,0.03868526220321655,4,4.0689239501953125,0.0391845703125
2018-03-01 08:55:00+00:00,57.640316009521484,0.06376557797193527,4,4.0689239501953125,0.0391845703125
2018-03-01 08:56:00+00:00,57.46160125732422,-0.014128212817013264,4,4.0689239501953125,0.0391845703125
2018-03-01 08:57:00+00:00,57.447669982910156,-0.02021271362900734,4,4.0689239501953125,0.0391845703125
2018-03-01 08:58:00+00:00,57.41814422607422,-0.03311185911297798,4,4.0689239501953125,0.0391845703125
2018-03-01 08:59:00+00:00,57.07694625854492,-0.182595893740654,4,4.0689239501953125,0.0391845703125
2018-03-01 09:00:00+00:00,57.34248733520508,-0.06618721038103104,4,4.0689239501953125,0.0391845703125
2018-03-01 09:01:00+00:00,57.33974075317383,-0.06737977266311646,4,4.0689239501953125,0.0391845703125
2018-03-01 09:02:00+00:00,57.28863525390625,-0.0897464007139206,4,4.0689239501953125,0.0391845703125
2018-03-01 09:03:00+00:00,57.35263442993164,-0.06174552068114281,4,4.0689239501953125,0.0391845703125
2018-03-01 09:04:00+00:00,57.72480010986328,0.10050379484891891,4,4.0689239501953125,0.0391845703125
2018-03-01 09:05:00+00:00,57.36870574951172,-0.05471183732151985,4,4.0689239501953125,0.0391845703125
2018-03-01 09:06:00+00:00,57.80741500854492,0.13637802004814148,4,4.0689239501953125,0.0391845703125
2018-03-01 09:07:00+00:00,57.62887191772461,0.058776285499334335,4,4.0689239501953125,0.0391845703125
2018-03-01 09:08:00+00:00,57.11192321777344,-0.16723860800266266,4,4.0689239501953125,0.0391845703125
2018-03-01 09:09:00+00:00,57.44956588745117,-0.01938522234559059,4,4.0689239501953125,0.0391845703125
2018-03-01 09:10:00+00:00,57.59555435180664,0.0442708320915699,4,4.0689239501953125,0.0391845703125
2018-03-01 09:11:00+00:00,57.70247268676758,0.0907929316163063,4,4.0689239501953125,0.0391845703125
2018-03-01 09:12:00+00:00,57.46367263793945,-0.013227706775069237,4,4.0689239501953125,0.0391845703125
2018-03-01 09:13:00+00:00,57.25126647949219,-0.10611370950937271,4,4.0689239501953125,0.0391845703125
2018-03-01 09:14:00+00:00,57.72609329223633,0.101063571870327,4,4.0689239501953125,0.0391845703125
2018-03-01 09:15:00+00:00,56.97151565551758,-0.2289719581604004,4,4.0689239501953125,0.0391845703125
2018-03-01 09:16:00+00:00,57.212223052978516,-0.12322332710027695,4,4.0689239501953125,0.0391845703125
2018-03-01 09:17:00+00:00,57.48774719238281,-0.002725856611505151,4,4.0689239501953125,0.0391845703125
2018-03-01 09:18:00+00:00,57.54412841796875,0.021867698058485985,4,4.0689239501953125,0.0391845703125
2018-03-01 09:19:00+00:00,57.51951217651367,0.011134637519717216,4,4.0689239501953125,0.0391845703125
2018-03-01 09:20:00+00:00,57.539371490478516,0.019798967987298965,4,4.0689239501953125,0.0391845703125
2018-03-01 09:21:00+00:00,57.246097564697266,-0.10837714374065399,4,4.0689239501953125,0.0391845703125
2018-03-01 09:22:00+00:00,57.511966705322266,0.007849006913602352,4,4.0689239501953125,0.0391845703125
2018-03-01 09:23:00+00:00,57.013492584228516,-0.21049942076206207,4,4.0689239501953125,0.0391845703125
2018-03-01 09:24:00+00:00,57.32673263549805,-0.07307486236095428,4,4.0689239501953125,0.0391845703125
2018-03-01 09:25:00+00:00,57.27840042114258,-0.09423676133155823,4,4.0689239501953125,0.0391845703125
2018-03-01 09:26:00+00:00,57.19415283203125,-0.13114534318447113,4,4.0689239501953125,0.0391845703125
2018-03-01 09:27:00+00:00,57.43088912963867,-0.02753845416009426,4,4.0689239501953125,0.0391845703125
2018-03-01 09:28:00+00:00,57.34033203125,-0.06712421774864197,4,4.0689239501953125,0.0391845703125
2018-03-01 09:29:00+00:00,57.78304672241211,0.1258031576871872,4,4.0689239501953125,0.0391845703125
2018-03-01 09:30:00+00:00,57.22087097167969,-0.1194387674331665,4,4.0689239501953125,0.0391845703125
2018-03-01 09:31:00+00:00,57.359283447265625,-0.058837130665779114,4,4.0689239501953125,0.0391845703125
2018-03-01 09:32:00+00:00,57.160118103027344,-0.14607670903205872,4,4.0689239501953125,0.0391845703125
2018-03-01 09:33:00+00:00,57.28660202026367,-0.09063473343849182,4,4.0689239501953125,0.0391845703125
2018-03-01 09:34:00+00:00,57.36153793334961,-0.05785144120454788,4,4.0689239501953125,0.0391845703125
2018-03-01 09:35:00+00:00,57.1081657409668,-0.16888143122196198,4,4.0689239501953125,0.0391845703125
2018-03-01 09:36:00+00:00,56.888362884521484,-0.26560065150260925,4,4.0689239501953125,0.0391845703125
2018-03-01 09:37:00+00:00,57.20577621459961,-0.1260586977005005,4,4.0689239501953125,0.0391845703125
2018-03-01 09:38:00+00:00,57.04358673095703,-0.1972595453262329,4,4.0689239501953125,0.0391845703125
2018-03-01 09:39:00+00:00,56.94499206542969,-0.24065420031547546,4,4.0689239501953125,0.0391845703125
2018-03-01 09:40:00+00:00,57.26573944091797,-0.09977365285158157,4,4.0689239501953125,0.0391845703125
2018-03-01 09:41:00+00:00,56.977169036865234,-0.22647731006145477,4,4.0689239501953125,0.0391845703125
2018-03-01 09:42:00+00:00,56.98868942260742,-0.22141501307487488,4,4.0689239501953125,0.0391845703125
2018-03-01 09:43:00+00:00,57.737953186035156,0.1062232255935669,4,4.0689239501953125,0.0391845703125
2018-03-01 09:44:00+00:00,57.17295837402344,-0.14044246077537537,4,4.0689239501953125,0.0391845703125
2018-03-01 09:45:00+00:00,57.08995056152344,-0.1768886297941208,4,4.0689239501953125,0.0391845703125
2018-03-01 09:46:00+00:00,57.204166412353516,-0.12676450610160828,4,4.0689239501953125,0.0391845703125
2018-03-01 09:47:00+00:00,57.33964920043945,-0.06742844730615616,4,4.0689239501953125,0.0391845703125
2018-03-01 09:48:00+00:00,57.46536636352539,-0.012485397048294544,4,4.0689239501953125,0.0391845703125
2018-03-01 09:49:00+00:00,66.60095977783203,3.692732572555542,4,4.0689239501953125,0.0391845703125
2018-03-01 09:50:00+00:00,57.26668167114258,-0.0993599072098732,4,4.0689239501953125,0.0391845703125
2018-03-01 09:51:00+00:00,94.479248046875,12.504539489746094,4,4.0689239501953125,0.0391845703125
2018-03-01 09:52:00+00:00,59.80817413330078,0.9901917576789856,4,4.0689239501953125,0.0391845703125
2018-03-01 09:53:00+00:00,58.56410217285156,0.46266549825668335,4,4.0689239501953125,0.0391845703125
2018-03-01 09:54:00+00:00,56.97473907470703,-0.22754818201065063,4,4.0689239501953125,0.0391845703125
2018-03-01 09:55:00+00:00,57.76622009277344,0.11850175261497498,4,4.0689239501953125,0.0391845703125
2018-03-01 09:56:00+00:00,56.983062744140625,-0.22388531267642975,4,4.0689239501953125,0.0391845703125
2018-03-01 09:57:00+00:00,58.15278244018555,0.2858133614063263,4,4.0689239501953125,0.0391845703125
2018-03-01 09:58:00+00:00,61.55008316040039,1.7109739780426025,4,4.0689239501953125,0.0391845703125
2018-03-01 09:59:00+00:00,57.67943572998047,0.0807778462767601,4,4.0689239501953125,0.0391845703125
2018-03-01 10:00:00+00:00,57.27035140991211,-0.0977535992860794,4,4.0689239501953125,0.0391845703125
2018-03-01 10:01:00+00:00,57.0887336730957,-0.17742405831813812,4,4.0689239501953125,0.0391845703125
2018-03-01 10:02:00+00:00,57.64749526977539,0.06688084453344345,4,4.0689239501953125,0.0391845703125
2018-03-01 10:03:00+00:00,80.45755004882812,8.451238632202148,4,4.0689239501953125,0.0391845703125
2018-03-01 10:04:00+00:00,59.16244888305664,0.717739999294281,4,4.0689239501953125,0.0391845703125
2018-03-01 10:05:00+00:00,57.957908630371094,0.20160387456417084,4,4.0689239501953125,0.0391845703125
2018-03-01 10:06:00+00:00,57.2981071472168,-0.08560893684625626,4,4.0689239501953125,0.0391845703125
2018-03-01 10:07:00+00:00,57.107582092285156,-0.16913697123527527,4,4.0689239501953125,0.0391845703125
2018-03-01 10:08:00+00:00,57.29924392700195,-0.08511000871658325,4,4.0689239501953125,0.0391845703125
2018-03-01 10:09:00+00:00,87.15916442871094,10.468920707702637,4,4.0689239501953125,0.0391845703125
2018-03-01 10:10:00+00:00,60.417049407958984,1.2444630861282349,4,4.0689239501953125,0.0391845703125
2018-03-01 10:11:00+00:00,58.37214279174805,0.38028135895729065,4,4.0689239501953125,0.0391845703125
2018-03-01 10:12:00+00:00,57.6828727722168,0.08227463066577911,4,4.0689239501953125,0.0391845703125
2018-03-01 10:13:00+00:00,57.88681411743164,0.1708163022994995,4,4.0689239501953125,0.0391845703125
2018-03-01 10:14:00+00:00,63.227195739746094,2.3862197399139404,4,4.0689239501953125,0.0391845703125
2018-03-01 10:15:00+00:00,57.86150360107422,0.15983985364437103,4,4.0689239501953125,0.0391845703125
2018-03-01 10:16:00+00:00,57.735816955566406,0.10528621822595596,4,4.0689239501953125,0.0391845703125
2018-03-01 10:17:00+00:00,57.84747314453125,0.15375535190105438,4,4.0689239501953125,0.0391845703125
2018-03-01 10:18:00+00:00,57.32318878173828,-0.0746203288435936,4,4.0689239501953125,0.0391845703125
2018-03-01 10:19:00+00:00,58.0487174987793,0.2408854216337204,4,4.0689239501953125,0.0391845703125
2018-03-01 10:20:00+00:00,56.9737663269043,-0.22798627614974976,4,4.0689239501953125,0.0391845703125
2018-03-01 10:21:00+00:00,57.78030776977539,0.12461059540510178,4,4.0689239501953125,0.0391845703125
2018-03-01 10:22:00+00:00,61.578956604003906,1.7227414846420288,4,4.0689239501953125,0.0391845703125
2018-03-01 10:23:00+00:00,57.67594528198242,0.07926888763904572,4,4.0689239501953125,0.0391845703125
2018-03-01 10:24:00+00:00,61.421512603759766,1.658464789390564,4,4.0689239501953125,0.0391845703125
2018-03-01 10:25:00+00:00,57.79410171508789,0.13059774041175842,4,4.0689239501953125,0.0391845703125
2018-03-01 10:26:00+00:00,57.445682525634766,-0.02108888328075409,4,4.0689239501953125,0.0391845703125
2018-03-01 10:27:00+00:00,67.70953369140625,4.107841491699219,4,4.0689239501953125,0.0391845703125
2018-03-01 10:28:00+00:00,57.207828521728516,-0.1251581907272339,4,4.0689239501953125,0.0391845703125
2018-03-01 10:29:00+00:00,58.063453674316406,0.2472498118877411,4,4.0689239501953125,0.0391845703125
2018-03-01 10:30:00+00:00,57.205116271972656,-0.12633858621120453,4,4.0689239501953125,0.0391845703125
2018-03-01 10:31:00+00:00,57.17951583862305,-0.1375705748796463,4,4.0689239501953125,0.0391845703125
2018-03-01 10:32:00+00:00,60.91166687011719,1.449157953262329,4,4.0689239501953125,0.0391845703125
2018-03-01 10:33:00+00:00,57.73351287841797,0.10428835451602936,4,4.0689239501953125,0.0391845703125
2018-03-01 10:34:00+00:00,62.38491439819336,2.049320936203003,4,4.0689239501953125,0.0391845703125
2018-03-01 10:35:00+00:00,57.697601318359375,0.08867552876472473,4,4.0689239501953125,0.0391845703125
2018-03-01 10:36:00+00:00,58.8104248046875,0.5679760575294495,4,4.0689239501953125,0.0391845703125
2018-03-01 10:37:00+00:00,58.322349548339844,0.3588760793209076,4,4.0689239501953125,0.0391845703125
2018-03-01 10:38:00+00:00,58.64942932128906,0.499196857213974,4,4.0689239501953125,0.0391845703125
2018-03-01 10:39:00+00:00,59.14509963989258,0.7103777527809143,4,4.0689239501953125,0.0391845703125
2018-03-01 10:40:00+00:00,61.07859802246094,1.5178762674331665,4,4.0689239501953125,0.0391845703125
2018-03-01 10:41:00+00:00,57.84877395629883,0.15432730317115784,4,4.0689239501953125,0.0391845703125
2018-03-01 10:42:00+00:00,57.89047622680664,0.17239826917648315,4,4.0689239501953125,0.0391845703125
2018-03-01 10:43:00+00:00,58.09929275512695,0.2627287805080414,4,4.0689239501953125,0.0391845703125
2018-03-01 10:44:00+00:00,57.45463562011719,-0.017170462757349014,4,4.0689239501953125,0.0391845703125
2018-03-01 10:45:00+00:00,57.409786224365234,-0.03676255792379379,4,4.0689239501953125,0.0391845703125
2018-03-01 10:46:00+00:00,57.78407669067383,0.1262534111738205,4,4.0689239501953125,0.0391845703125
2018-03-01 10:47:00+00:00,60.929500579833984,1.4565080404281616,4,4.0689239501953125,0.0391845703125
2018-03-01 10:48:00+00:00,58.157257080078125,0.287748247385025,4,4.0689239501953125,0.0391845703125
2018-03-01 10:49:00+00:00,61.21635055541992,1.5744377374649048,4,4.0689239501953125,0.0391845703125
2018-03-01 10:50:00+00:00,57.915016174316406,0.18303397297859192,4,4.0689239501953125,0.0391845703125
2018-03-01 10:51:00+00:00,61.16284942626953,1.5524848699569702,4,4.0689239501953125,0.0391845703125
2018-03-01 10:52:00+00:00,61.21982192993164,1.5758615732192993,4,4.0689239501953125,0.0391845703125
2018-03-01 10:53:00+00:00,57.63108825683594,0.05974980443716049,4,4.0689239501953125,0.0391845703125
2018-03-01 10:54:00+00:00,57.30266571044922,-0.08361321687698364,4,4.0689239501953125,0.0391845703125
2018-03-01 10:55:00+00:00,57.75789260864258,0.11487539112567902,4,4.0689239501953125,0.0391845703125
2018-03-01 10:56:00+00:00,57.5459098815918,0.02264651469886303,4,4.0689239501953125,0.0391845703125
2018-03-01 10:57:00+00:00,57.3957633972168,-0.04288356751203537,4,4.0689239501953125,0.0391845703125
2018-03-01 10:58:00+00:00,57.44601821899414,-0.020930685102939606,4,4.0689239501953125,0.0391845703125
2018-03-01 10:59:00+00:00,57.34801483154297,-0.06376557797193527,4,4.0689239501953125,0.0391845703125
2018-03-01 11:00:00+00:00,57.97963333129883,0.21101051568984985,4,4.0689239501953125,0.0391845703125
2018-03-01 11:01:00+00:00,57.391075134277344,-0.04494012892246246,4,4.0689239501953125,0.0391845703125
2018-03-01 11:02:00+00:00,57.370853424072266,-0.05377482622861862,4,4.0689239501953125,0.0391845703125
2018-03-01 11:03:00+00:00,57.32185363769531,-0.07520443946123123,4,4.0689239501953125,0.0391845703125
2018-03-01 11:04:00+00:00,57.257568359375,-0.10335134714841843,4,4.0689239501953125,0.0391845703125
2018-03-01 11:05:00+00:00,57.74455261230469,0.10908294469118118,4,4.0689239501953125,0.0391845703125
2018-03-01 11:06:00+00:00,57.49945831298828,0.0023851245641708374,4,4.0689239501953125,0.0391845703125
2018-03-01 11:07:00+00:00,57.23830032348633,-0.11179663240909576,4,4.0689239501953125,0.0391845703125
2018-03-01 11:08:00+00:00,57.40909194946289,-0.037066783756017685,4,4.0689239501953125,0.0391845703125
2018-03-01 11:09:00+00:00,57.61246109008789,0.0516330786049366,4,4.0689239501953125,0.0391845703125
2018-03-01 11:10:00+00:00,56.92817306518555,-0.24806512892246246,4,4.0689239501953125,0.0391845703125
2018-03-01 11:11:00+00:00,57.10567855834961,-0.1699766367673874,4,4.0689239501953125,0.0391845703125
2018-03-01 11:12:00+00:00,56.84953689575195,-0.28272244334220886,4,4.0689239501953125,0.0391845703125
2018-03-01 11:13:00+00:00,57.52259826660156,0.012485397048294544,4,4.0689239501953125,0.0391845703125
2018-03-01 11:14:00+00:00,57.25208282470703,-0.10576080530881882,4,4.0689239501953125,0.0391845703125
2018-03-01 11:15:00+00:00,56.944950103759766,-0.24066637456417084,4,4.0689239501953125,0.0391845703125
2018-03-01 11:16:00+00:00,57.44654083251953,-0.020711643621325493,4,4.0689239501953125,0.0391845703125
2018-03-01 11:17:00+00:00,57.322757720947266,-0.07481503486633301,4,4.0689239501953125,0.0391845703125
2018-03-01 11:18:00+00:00,56.943878173828125,-0.2411409616470337,4,4.0689239501953125,0.0391845703125
2018-03-01 11:19:00+00:00,57.24922180175781,-0.10701421648263931,4,4.0689239501953125,0.0391845703125
2018-03-01 11:20:00+00:00,57.55498123168945,0.026601441204547882,4,4.0689239501953125,0.0391845703125
2018-03-01 11:21:00+00:00,57.147586822509766,-0.15157710015773773,4,4.0689239501953125,0.0391845703125
2018-03-01 11:22:00+00:00,57.039737701416016,-0.19895103573799133,4,4.0689239501953125,0.0391845703125
2018-03-01 11:23:00+00:00,57.03998947143555,-0.19884151220321655,4,4.0689239501953125,0.0391845703125
2018-03-01 11:24:00+00:00,57.79475402832031,0.13088980317115784,4,4.0689239501953125,0.0391845703125
2018-03-01 11:25:00+00:00,57.31022262573242,-0.08030325174331665,4,4.0689239501953125,0.0391845703125
2018-03-01 11:26:00+00:00,57.192264556884766,-0.13197283446788788,4,4.0689239501953125,0.0391845703125
2018-03-01 11:27:00+00:00,57.66502380371094,0.07451080530881882,4,4.0689239501953125,0.0391845703125
2018-03-01 11:28:00+00:00,57.53484344482422,0.017815420404076576,4,4.0689239501953125,0.0391845703125
2018-03-01 11:29:00+00:00,57.33538055419922,-0.06929030269384384,4,4.0689239501953125,0.0391845703125
2018-03-01 11:30:00+00:00,57.15328598022461,-0.14908245205879211,4,4.0689239501953125,0.0391845703125
2018-03-01 11:31:00+00:00,57.47937774658203,-0.006376557517796755,4,4.0689239501953125,0.0391845703125
2018-03-01 11:32:00+00:00,57.15902328491211,-0.14656347036361694,4,4.0689239501953125,0.0391845703125
2018-03-01 11:33:00+00:00,57.4255256652832,-0.029887070879340172,4,4.0689239501953125,0.0391845703125
2018-03-01 11:34:00+00:00,57.00601577758789,-0.2137850522994995,4,4.0689239501953125,0.0391845703125
2018-03-01 11:35:00+00:00,56.9820556640625,-0.22433556616306305,4,4.0689239501953125,0.0391845703125
2018-03-01 11:36:00+00:00,57.45896530151367,-0.01528426818549633,4,4.0689239501953125,0.0391845703125
2018-03-01 11:37:00+00:00,56.8937873840332,-0.2632155418395996,4,4.0689239501953125,0.0391845703125
2018-03-01 11:38:00+00:00,57.38783264160156,-0.046351734548807144,4,4.0689239501953125,0.0391845703125
2018-03-01 11:39:00+00:00,58.376007080078125,0.3819485008716583,4,4.0689239501953125,0.0391845703125
2018-03-01 11:40:00+00:00,57.14515686035156,-0.1526479721069336,4,4.0689239501953125,0.0391845703125
2018-03-01 11:41:00+00:00,57.23651123046875,-0.11257544904947281,4,4.0689239501953125,0.0391845703125
2018-03-01 11:42:00+00:00,57.513729095458984,0.008615653961896896,4,4.0689239501953125,0.0391845703125
2018-03-01 11:43:00+00:00,56.996829986572266,-0.21782515943050385,4,4.0689239501953125,0.0391845703125
2018-03-01 11:44:00+00:00,57.17631530761719,-0.1389700174331665,4,4.0689239501953125,0.0391845703125
2018-03-01 11:45:00+00:00,57.106082916259766,-0.16980627179145813,4,4.0689239501953125,0.0391845703125
2018-03-01 11:46:00+00:00,57.11970901489258,-0.1638191193342209,4,4.0689239501953125,0.0391845703125
2018-03-01 11:47:00+00:00,57.407684326171875,-0.03767523542046547,4,4.0689239501953125,0.0391845703125
2018-03-01 11:48:00+00:00,56.90791702270508,-0.25698500871658325,4,4.0689239501953125,0.0391845703125
2018-03-01 11:49:00+00:00,57.725555419921875,0.10083235800266266,4,4.0689239501953125,0.0391845703125
2018-03-01 11:50:00+00:00,56.97117614746094,-0.2291179895401001,4,4.0689239501953125,0.0391845703125
2018-03-01 11:51:00+00:00,56.9334831237793,-0.24571651220321655,4,4.0689239501953125,0.0391845703125
2018-03-01 11:52:00+00:00,57.173126220703125,-0.1403694450855255,4,4.0689239501953125,0.0391845703125
2018-03-01 11:53:00+00:00,824.072998046875,67.54055786132812,4,4.0689239501953125,0.0391845703125
2018-03-01 11:54:00+00:00,71.60588073730469,5.515491008758545,4,4.0689239501953125,0.0391845703125
2018-03-01 11:55:00+00:00,60.119346618652344,1.1204488277435303,4,4.0689239501953125,0.0391845703125
2018-03-01 11:56:00+00:00,57.58674621582031,0.040437597781419754,4,4.0689239501953125,0.0391845703125
2018-03-01 11:57:00+00:00,58.028934478759766,0.23233060538768768,4,4.0689239501953125,0.0391845703125
2018-03-01 11:58:00+00:00,57.21247863769531,-0.12311380356550217,4,4.0689239501953125,0.0391845703125
2018-03-01 11:59:00+00:00,57.594566345214844,0.04384491965174675,4,4.0689239501953125,0.0391845703125
2018-03-01 12:00:00+00:00,57.980159759521484,0.21122956275939941,4,4.0689239501953125,0.0391845703125
2018-03-01 12:01:00+00:00,58.52659606933594,0.44659024477005005,4,4.0689239501953125,0.0391845703125
2018-03-01 12:02:00+00:00,57.75826644897461,0.11504575610160828,4,4.0689239501953125,0.0391845703125
2018-03-01 12:03:00+00:00,57.354671478271484,-0.06085718423128128,4,4.0689239501953125,0.0391845703125
2018-03-01 12:04:00+00:00,57.74363708496094,0.10869353264570236,4,4.0689239501953125,0.0391845703125
2018-03-01 12:05:00+00:00,57.487388610839844,-0.002884053625166416,4,4.0689239501953125,0.0391845703125
2018-03-01 12:06:00+00:00,57.33445739746094,-0.06969188153743744,4,4.0689239501953125,0.0391845703125
2018-03-01 12:07:00+00:00,57.66942596435547,0.07643350958824158,4,4.0689239501953125,0.0391845703125
2018-03-01 12:08:00+00:00,58.44736099243164,0.41259005665779114,4,4.0689239501953125,0.0391845703125
2018-03-01 12:09:00+00:00,57.633724212646484,0.06089369207620621,4,4.0689239501953125,0.0391845703125
2018-03-01 12:10:00+00:00,57.41117477416992,-0.03615410998463631,4,4.0689239501953125,0.0391845703125
2018-03-01 12:11:00+00:00,58.17893600463867,0.29709404706954956,4,4.0689239501953125,0.0391845703125
2018-03-01 12:12:00+00:00,58.56019973754883,0.4609861671924591,4,4.0689239501953125,0.0391845703125
2018-03-01 12:13:00+00:00,58.17291259765625,0.29450204968452454,4,4.0689239501953125,0.0391845703125
2018-03-01 12:14:00+00:00,57.50173568725586,0.0033829829189926386,4,4.0689239501953125,0.0391845703125
2018-03-01 12:15:00+00:00,57.86677932739258,0.16212762892246246,4,4.0689239501953125,0.0391845703125
2018-03-01 12:16:00+00:00,57.87910461425781,0.1674698144197464,4,4.0689239501953125,0.0391845703125
2018-03-01 12:17:00+00:00,57.79277420043945,0.13002580404281616,4,4.0689239501953125,0.0391845703125
2018-03-01 12:18:00+00:00,57.86398696899414,0.16092289984226227,4,4.0689239501953125,0.0391845703125
2018-03-01 12:19:00+00:00,57.47633361816406,-0.007702978793531656,4,4.0689239501953125,0.0391845703125
2018-03-01 12:20:00+00:00,58.0613899230957,0.24636146426200867,4,4.0689239501953125,0.0391845703125
2018-03-01 12:21:00+00:00,58.27880096435547,0.34012362360954285,4,4.0689239501953125,0.0391845703125
2018-03-01 12:22:00+00:00,57.780670166015625,0.12476878613233566,4,4.0689239501953125,0.0391845703125
2018-03-01 12:23:00+00:00,58.15296173095703,0.2858985662460327,4,4.0689239501953125,0.0391845703125
2018-03-01 12:24:00+00:00,57.624778747558594,0.056999608874320984,4,4.0689239501953125,0.0391845703125
2018-03-01 12:25:00+00:00,57.9939079284668,0.21718019247055054,4,4.0689239501953125,0.0391845703125
2018-03-01 12:26:00+00:00,58.16798782348633,0.292372465133667,4,4.0689239501953125,0.0391845703125
2018-03-01 12:27:00+00:00,56.98711013793945,-0.2221086472272873,4,4.0689239501953125,0.0391845703125
2018-03-01 12:28:00+00:00,57.58300018310547,0.03880695253610611,4,4.0689239501953125,0.0391845703125
2018-03-01 12:29:00+00:00,57.63997268676758,0.06360737979412079,4,4.0689239501953125,0.0391845703125
2018-03-01 12:30:00+00:00,57.64641571044922,0.06641841679811478,4,4.0689239501953125,0.0391845703125
2018-03-01 12:31:00+00:00,58.439613342285156,0.4092679023742676,4,4.0689239501953125,0.0391845703125
2018-03-01 12:32:00+00:00,58.700984954833984,0.521234929561615,4,4.0689239501953125,0.0391845703125
2018-03-01 12:33:00+00:00,58.326114654541016,0.36049455404281616,4,4.0689239501953125,0.0391845703125
2018-03-01 12:34:00+00:00,58.84770965576172,0.5838809609413147,4,4.0689239501953125,0.0391845703125
2018-03-01 12:35:00+00:00,58.79941177368164,0.5632787942886353,4,4.0689239501953125,0.0391845703125
2018-03-01 12:36:00+00:00,57.20414733886719,-0.12676450610160828,4,4.0689239501953125,0.0391845703125
2018-03-01 12:37:00+00:00,57.011077880859375,-0.21155811846256256,4,4.0689239501953125,0.0391845703125
2018-03-01 12:38:00+00:00,57.98354721069336,0.21270200610160828,4,4.0689239501953125,0.0391845703125
2018-03-01 12:39:00+00:00,58.152320861816406,0.2856186628341675,4,4.0689239501953125,0.0391845703125
2018-03-01 12:40:00+00:00,57.925933837890625,0.1877555549144745,4,4.0689239501953125,0.0391845703125
2018-03-01 12:41:00+00:00,57.711727142333984,0.09482087194919586,4,4.0689239501953125,0.0391845703125
2018-03-01 12:42:00+00:00,57.49708557128906,0.001350759295746684,4,4.0689239501953125,0.0391845703125
2018-03-01 12:43:00+00:00,57.84511184692383,0.15273316204547882,4,4.0689239501953125,0.0391845703125
2018-03-01 12:44:00+00:00,58.3837776184082,0.38528281450271606,4,4.0689239501953125,0.0391845703125
2018-03-01 12:45:00+00:00,57.05287170410156,-0.19318293035030365,4,4.0689239501953125,0.0391845703125
2018-03-01 12:46:00+00:00,58.38197708129883,0.3845039904117584,4,4.0689239501953125,0.0391845703125
2018-03-01 12:47:00+00:00,58.05690002441406,0.24441443383693695,4,4.0689239501953125,0.0391845703125
2018-03-01 12:48:00+00:00,58.043128967285156,0.23846378922462463,4,4.0689239501953125,0.0391845703125
2018-03-01 12:49:00+00:00,58.356632232666016,0.37361273169517517,4,4.0689239501953125,0.0391845703125
2018-03-01 12:50:00+00:00,57.09550857543945,-0.17444266378879547,4,4.0689239501953125,0.0391845703125
2018-03-01 12:51:00+00:00,57.96358108520508,0.20406201481819153,4,4.0689239501953125,0.0391845703125
2018-03-01 12:52:00+00:00,58.05424499511719,0.24327054619789124,4,4.0689239501953125,0.0391845703125
2018-03-01 12:53:00+00:00,58.071380615234375,0.25066930055618286,4,4.0689239501953125,0.0391845703125
2018-03-01 12:54:00+00:00,57.52136993408203,0.011949961073696613,4,4.0689239501953125,0.0391845703125
2018-03-01 12:55:00+00:00,57.21994400024414,-0.1198403462767601,4,4.0689239501953125,0.0391845703125
2018-03-01 12:56:00+00:00,57.72223663330078,0.09938424825668335,4,4.0689239501953125,0.0391845703125
2018-03-01 12:57:00+00:00,57.768798828125,0.11962129920721054,4,4.0689239501953125,0.0391845703125
2018-03-01 12:58:00+00:00,57.803646087646484,0.13474737107753754,4,4.0689239501953125,0.0391845703125
2018-03-01 12:59:00+00:00,58.026573181152344,0.23130841553211212,4,4.0689239501953125,0.0391845703125
2018-03-02 01:00:00+00:00,57.209747314453125,-0.12430636584758759,4,4.0689239501953125,0.0391845703125
2018-03-02 01:01:00+00:00,57.171417236328125,-0.1411239355802536,4,4.0689239501953125,0.0391845703125
2018-03-02 01:02:00+00:00,57.17766571044922,-0.13838590681552887,4,4.0689239501953125,0.0391845703125
2018-03-02 01:03:00+00:00,57.167686462402344,-0.14275456964969635,4,4.0689239501953125,0.0391845703125
2018-03-02 01:04:00+00:00,57.305015563964844,-0.08257885277271271,4,4.0689239501953125,0.0391845703125
2018-03-02 01:05:00+00:00,57.5944938659668,0.04380841180682182,4,4.0689239501953125,0.0391845703125
2018-03-02 01:06:00+00:00,56.91889572143555,-0.2521417438983917,4,4.0689239501953125,0.0391845703125
2018-03-02 01:07:00+00:00,57.163063049316406,-0.1447868049144745,4,4.0689239501953125,0.0391845703125
2018-03-02 01:08:00+00:00,57.059715270996094,-0.19017718732357025,4,4.0689239501953125,0.0391845703125
2018-03-02 01:09:00+00:00,57.576290130615234,0.03588639199733734,4,4.0689239501953125,0.0391845703125
2018-03-02 01:10:00+00:00,57.26172637939453,-0.10153815895318985,4,4.0689239501953125,0.0391845703125
2018-03-02 01:11:00+00:00,57.30008316040039,-0.0847327709197998,4,4.0689239501953125,0.0391845703125
2018-03-02 01:12:00+00:00,57.179866790771484,-0.13741238415241241,4,4.0689239501953125,0.0391845703125
2018-03-02 01:13:00+00:00,57.4554328918457,-0.016829730942845345,4,4.0689239501953125,0.0391845703125
2018-03-02 01:14:00+00:00,57.5912971496582,0.042421143501996994,4,4.0689239501953125,0.0391845703125
2018-03-02 01:15:00+00:00,56.87718963623047,-0.2705291211605072,4,4.0689239501953125,0.0391845703125
2018-03-02 01:16:00+00:00,56.778709411621094,-0.3139967918395996,4,4.0689239501953125,0.0391845703125
2018-03-02 01:17:00+00:00,56.90632629394531,-0.25769081711769104,4,4.0689239501953125,0.0391845703125
2018-03-02 01:18:00+00:00,57.1972770690918,-0.12978242337703705,4,4.0689239501953125,0.0391845703125
2018-03-02 01:19:00+00:00,57.613792419433594,0.05221719294786453,4,4.0689239501953125,0.0391845703125
2018-03-02 01:20:00+00:00,57.17015075683594,-0.1416836977005005,4,4.0689239501953125,0.0391845703125
2018-03-02 01:21:00+00:00,57.781639099121094,0.1251946985721588,4,4.0689239501953125,0.0391845703125
2018-03-02 01:22:00+00:00,57.61102294921875,0.05101246014237404,4,4.0689239501953125,0.0391845703125
2018-03-02 01:23:00+00:00,57.19728469848633,-0.12978242337703705,4,4.0689239501953125,0.0391845703125
2018-03-02 01:24:00+00:00,57.176143646240234,-0.13905519247055054,4,4.0689239501953125,0.0391845703125
2018-03-02 01:25:00+00:00,57.0543098449707,-0.19255013763904572,4,4.0689239501953125,0.0391845703125
2018-03-02 01:26:00+00:00,57.427032470703125,-0.029229944571852684,4,4.0689239501953125,0.0391845703125
2018-03-02 01:27:00+00:00,56.89011764526367,-0.2648340165615082,4,4.0689239501953125,0.0391845703125
2018-03-02 01:28:00+00:00,57.56985092163086,0.033075351268053055,4,4.0689239501953125,0.0391845703125
2018-03-02 01:29:00+00:00,57.52528381347656,0.013653621077537537,4,4.0689239501953125,0.0391845703125
2018-03-02 01:30:00+00:00,57.515403747558594,0.009345794096589088,4,4.0689239501953125,0.0391845703125
2018-03-02 01:31:00+00:00,57.68720626831055,0.08416082710027695,4,4.0689239501953125,0.0391845703125
2018-03-02 01:32:00+00:00,57.240623474121094,-0.1107744351029396,4,4.0689239501953125,0.0391845703125
2018-03-02 01:33:00+00:00,57.17859649658203,-0.1379721611738205,4,4.0689239501953125,0.0391845703125
2018-03-02 01:34:00+00:00,57.15224075317383,-0.14953270554542542,4,4.0689239501953125,0.0391845703125
2018-03-02 01:35:00+00:00,57.09025573730469,-0.17675477266311646,4,4.0689239501953125,0.0391845703125
2018-03-02 01:36:00+00:00,57.570743560791016,0.03346475958824158,4,4.0689239501953125,0.0391845703125
2018-03-02 01:37:00+00:00,57.18660354614258,-0.13445530831813812,4,4.0689239501953125,0.0391845703125
2018-03-02 01:38:00+00:00,57.40299987792969,-0.03973179683089256,4,4.0689239501953125,0.0391845703125
2018-03-02 01:39:00+00:00,57.063480377197266,-0.18852218985557556,4,4.0689239501953125,0.0391845703125
2018-03-02 01:40:00+00:00,57.15935516357422,-0.14641743898391724,4,4.0689239501953125,0.0391845703125
2018-03-02 01:41:00+00:00,58.35875701904297,0.37452539801597595,4,4.0689239501953125,0.0391845703125
2018-03-02 01:42:00+00:00,57.45453643798828,-0.017219139263033867,4,4.0689239501953125,0.0391845703125
2018-03-02 01:43:00+00:00,57.07469177246094,-0.18359375,4,4.0689239501953125,0.0391845703125
2018-03-02 01:44:00+00:00,57.31793212890625,-0.0769202709197998,4,4.0689239501953125,0.0391845703125
2018-03-02 01:45:00+00:00,56.89703369140625,-0.2617796063423157,4,4.0689239501953125,0.0391845703125
2018-03-02 01:46:00+00:00,57.506107330322266,0.00529351644217968,4,4.0689239501953125,0.0391845703125
2018-03-02 01:47:00+00:00,57.011512756347656,-0.21137557923793793,4,4.0689239501953125,0.0391845703125
2018-03-02 01:48:00+00:00,57.54424285888672,0.021916374564170837,4,4.0689239501953125,0.0391845703125
2018-03-02 01:49:00+00:00,57.05337142944336,-0.1929638832807541,4,4.0689239501953125,0.0391845703125
2018-03-02 03:00:00+00:00,57.280357360839844,-0.09337276220321655,4,4.0689239501953125,0.0391845703125
2018-03-02 03:01:00+00:00,57.19823455810547,-0.1293565034866333,4,4.0689239501953125,0.0391845703125
2018-03-02 03:02:00+00:00,57.140933990478516,-0.1544976681470871,4,4.0689239501953125,0.0391845703125
2018-03-02 03:03:00+00:00,57.6187744140625,0.05438327416777611,4,4.0689239501953125,0.0391845703125
2018-03-02 03:04:00+00:00,57.42740249633789,-0.02907174825668335,4,4.0689239501953125,0.0391845703125
2018-03-02 03:05:00+00:00,57.28714370727539,-0.09040352702140808,4,4.0689239501953125,0.0391845703125
2018-03-02 03:06:00+00:00,57.132728576660156,-0.1580996811389923,4,4.0689239501953125,0.0391845703125
2018-03-02 03:07:00+00:00,56.93674850463867,-0.24428056180477142,4,4.0689239501953125,0.0391845703125
2018-03-02 03:08:00+00:00,57.253135681152344,-0.10529838502407074,4,4.0689239501953125,0.0391845703125
2018-03-02 03:09:00+00:00,56.993743896484375,-0.21918807923793793,4,4.0689239501953125,0.0391845703125
2018-03-02 03:10:00+00:00,57.16452407836914,-0.14414183795452118,4,4.0689239501953125,0.0391845703125
2018-03-02 03:11:00+00:00,57.4642448425293,-0.012984326109290123,4,4.0689239501953125,0.0391845703125
2018-03-02 03:12:00+00:00,57.711509704589844,0.09472352266311646,4,4.0689239501953125,0.0391845703125
2018-03-02 03:13:00+00:00,56.9450798034668,-0.24061769247055054,4,4.0689239501953125,0.0391845703125
2018-03-02 03:14:00+00:00,57.31456756591797,-0.07839272171258926,4,4.0689239501953125,0.0391845703125
2018-03-02 03:15:00+00:00,57.468353271484375,-0.011183314025402069,4,4.0689239501953125,0.0391845703125
2018-03-02 03:16:00+00:00,57.49643325805664,0.0010708722984418273,4,4.0689239501953125,0.0391845703125
2018-03-02 03:17:00+00:00,57.31585693359375,-0.07783294469118118,4,4.0689239501953125,0.0391845703125
2018-03-02 03:18:00+00:00,57.33061599731445,-0.07137120515108109,4,4.0689239501953125,0.0391845703125
2018-03-02 03:19:00+00:00,57.51495361328125,0.009151089936494827,4,4.0689239501953125,0.0391845703125
2018-03-02 03:20:00+00:00,57.332191467285156,-0.07068973779678345,4,4.0689239501953125,0.0391845703125
2018-03-02 03:21:00+00:00,57.490928649902344,-0.0013385902857407928,4,4.0689239501953125,0.0391845703125
2018-03-02 03:22:00+00:00,57.10184097290039,-0.1716681271791458,4,4.0689239501953125,0.0391845703125
2018-03-02 03:23:00+00:00,57.46989822387695,-0.010514019057154655,4,4.0689239501953125,0.0391845703125
2018-03-02 03:24:00+00:00,57.30593490600586,-0.08217728137969971,4,4.0689239501953125,0.0391845703125
2018-03-02 03:25:00+00:00,57.52164077758789,0.01205948181450367,4,4.0689239501953125,0.0391845703125
2018-03-02 03:26:00+00:00,57.9140739440918,0.18262022733688354,4,4.0689239501953125,0.0391845703125
2018-03-02 03:27:00+00:00,57.61369705200195,0.052180685102939606,4,4.0689239501953125,0.0391845703125
2018-03-02 03:28:00+00:00,57.24029541015625,-0.11092046648263931,4,4.0689239501953125,0.0391845703125
2018-03-02 03:29:00+00:00,57.09959411621094,-0.17265380918979645,4,4.0689239501953125,0.0391845703125
2018-03-02 03:30:00+00:00,57.05048751831055,-0.19422945380210876,4,4.0689239501953125,0.0391845703125
2018-03-02 03:31:00+00:00,58.29811096191406,0.34843507409095764,4,4.0689239501953125,0.0391845703125
2018-03-02 03:32:00+00:00,58.38467788696289,0.3856722116470337,4,4.0689239501953125,0.0391845703125
2018-03-02 03:33:00+00:00,58.27109909057617,0.33681365847587585,4,4.0689239501953125,0.0391845703125
2018-03-02 03:34:00+00:00,58.61116409301758,0.4828173816204071,4,4.0689239501953125,0.0391845703125
2018-03-02 03:35:00+00:00,58.21474838256836,0.3125365078449249,4,4.0689239501953125,0.0391845703125
2018-03-02 03:36:00+00:00,58.427738189697266,0.40416911244392395,4,4.0689239501953125,0.0391845703125
2018-03-02 03:37:00+00:00,57.91288757324219,0.18210913240909576,4,4.0689239501953125,0.0391845703125
2018-03-02 03:38:00+00:00,58.0765495300293,0.2529083788394928,4,4.0689239501953125,0.0391845703125
2018-03-02 03:39:00+00:00,58.37693405151367,0.38233789801597595,4,4.0689239501953125,0.0391845703125
2018-03-02 03:40:00+00:00,57.29277420043945,-0.08793321996927261,4,4.0689239501953125,0.0391845703125
2018-03-02 03:41:00+00:00,57.52402877807617,0.01310601644217968,4,4.0689239501953125,0.0391845703125
2018-03-02 03:42:00+00:00,57.44011306762695,-0.023510513827204704,4,4.0689239501953125,0.0391845703125
2018-03-02 03:43:00+00:00,57.308265686035156,-0.08115508407354355,4,4.0689239501953125,0.0391845703125
2018-03-02 03:44:00+00:00,57.45336151123047,-0.017730237916111946,4,4.0689239501953125,0.0391845703125
2018-03-02 03:45:00+00:00,57.346519470214844,-0.06442270427942276,4,4.0689239501953125,0.0391845703125
2018-03-02 03:46:00+00:00,57.37744903564453,-0.05089076980948448,4,4.0689239501953125,0.0391845703125
2018-03-02 03:47:00+00:00,57.50541305541992,0.004989291075617075,4,4.0689239501953125,0.0391845703125
2018-03-02 03:48:00+00:00,57.381187438964844,-0.04926012456417084,4,4.0689239501953125,0.0391845703125
2018-03-02 03:49:00+00:00,57.46431350708008,-0.01294781919568777,4,4.0689239501953125,0.0391845703125
2018-03-02 03:50:00+00:00,57.57982635498047,0.03741968423128128,4,4.0689239501953125,0.0391845703125
2018-03-02 03:51:00+00:00,57.628868103027344,0.058776285499334335,4,4.0689239501953125,0.0391845703125
2018-03-02 03:52:00+00:00,57.53421401977539,0.01754770241677761,4,4.0689239501953125,0.0391845703125
2018-03-02 03:53:00+00:00,58.190799713134766,0.30221718549728394,4,4.0689239501953125,0.0391845703125
2018-03-02 03:54:00+00:00,57.46503829956055,-0.012631425634026527,4,4.0689239501953125,0.0391845703125
2018-03-02 03:55:00+00:00,58.580169677734375,0.4695409834384918,4,4.0689239501953125,0.0391845703125
2018-03-02 03:56:00+00:00,58.10356903076172,0.2645784616470337,4,4.0689239501953125,0.0391845703125
2018-03-02 03:57:00+00:00,58.58585739135742,0.47197479009628296,4,4.0689239501953125,0.0391845703125
2018-03-02 03:58:00+00:00,57.526432037353516,0.01415255106985569,4,4.0689239501953125,0.0391845703125
2018-03-02 03:59:00+00:00,57.72119903564453,0.09893399477005005,4,4.0689239501953125,0.0391845703125
2018-03-02 04:00:00+00:00,57.240970611572266,-0.1106284037232399,4,4.0689239501953125,0.0391845703125
2018-03-02 04:01:00+00:00,57.52539825439453,0.01370229758322239,4,4.0689239501953125,0.0391845703125
2018-03-02 04:02:00+00:00,57.13829803466797,-0.155653715133667,4,4.0689239501953125,0.0391845703125
2018-03-02 04:03:00+00:00,57.31514358520508,-0.07814934104681015,4,4.0689239501953125,0.0391845703125
2018-03-02 04:04:00+00:00,57.26663589477539,-0.09938424825668335,4,4.0689239501953125,0.0391845703125
2018-03-02 04:05:00+00:00,57.17917251586914,-0.137716606259346,4,4.0689239501953125,0.0391845703125
2018-03-02 04:06:00+00:00,57.52976989746094,0.015612831339240074,4,4.0689239501953125,0.0391845703125
2018-03-02 04:07:00+00:00,57.217437744140625,-0.12093555182218552,4,4.0689239501953125,0.0391845703125
2018-03-02 04:08:00+00:00,57.162437438964844,-0.14506669342517853,4,4.0689239501953125,0.0391845703125
2018-03-02 04:09:00+00:00,57.60776901245117,0.04958868771791458,4,4.0689239501953125,0.0391845703125
2018-03-02 04:10:00+00:00,57.07518768310547,-0.18337470293045044,4,4.0689239501953125,0.0391845703125
2018-03-02 04:11:00+00:00,57.4315299987793,-0.02725856751203537,4,4.0689239501953125,0.0391845703125
2018-03-02 04:12:00+00:00,57.34307098388672,-0.06593165546655655,4,4.0689239501953125,0.0391845703125
2018-03-02 04:13:00+00:00,57.038246154785156,-0.19960816204547882,4,4.0689239501953125,0.0391845703125
2018-03-02 04:14:00+00:00,57.030975341796875,-0.20280860364437103,4,4.0689239501953125,0.0391845703125
2018-03-02 04:15:00+00:00,56.9990234375,-0.21686381101608276,4,4.0689239501953125,0.0391845703125
2018-03-02 04:16:00+00:00,56.845542907714844,-0.28448694944381714,4,4.0689239501953125,0.0391845703125
2018-03-02 04:17:00+00:00,57.18132019042969,-0.13677959144115448,4,4.0689239501953125,0.0391845703125
2018-03-02 04:18:00+00:00,57.401451110839844,-0.04040108993649483,4,4.0689239501953125,0.0391845703125
2018-03-02 04:19:00+00:00,56.89561080932617,-0.2624123692512512,4,4.0689239501953125,0.0391845703125
2018-03-02 04:20:00+00:00,57.646610260009766,0.0665035992860794,4,4.0689239501953125,0.0391845703125
2018-03-02 04:21:00+00:00,56.97389221191406,-0.22792543470859528,4,4.0689239501953125,0.0391845703125
2018-03-02 04:22:00+00:00,57.67039489746094,0.07684725522994995,4,4.0689239501953125,0.0391845703125
2018-03-02 04:23:00+00:00,57.87310791015625,0.16487781703472137,4,4.0689239501953125,0.0391845703125
2018-03-02 04:24:00+00:00,56.8358154296875,-0.28878262639045715,4,4.0689239501953125,0.0391845703125
2018-03-02 04:25:00+00:00,57.207149505615234,-0.1254502534866333,4,4.0689239501953125,0.0391845703125
2018-03-02 04:26:00+00:00,57.61830139160156,0.05417640134692192,4,4.0689239501953125,0.0391845703125
2018-03-02 04:27:00+00:00,57.37958526611328,-0.04996592551469803,4,4.0689239501953125,0.0391845703125
2018-03-02 04:28:00+00:00,57.100582122802734,-0.17221572995185852,4,4.0689239501953125,0.0391845703125
2018-03-02 04:29:00+00:00,57.27852249145508,-0.09417591243982315,4,4.0689239501953125,0.0391845703125
2018-03-02 04:30:00+00:00,57.10513687133789,-0.1702200174331665,4,4.0689239501953125,0.0391845703125
2018-03-02 04:31:00+00:00,57.20389175415039,-0.12687402963638306,4,4.0689239501953125,0.0391845703125
2018-03-02 04:32:00+00:00,57.329227447509766,-0.07197965681552887,4,4.0689239501953125,0.0391845703125
2018-03-02 04:33:00+00:00,57.376609802246094,-0.05125584080815315,4,4.0689239501953125,0.0391845703125
2018-03-02 04:34:00+00:00,57.34343338012695,-0.06577346473932266,4,4.0689239501953125,0.0391845703125
2018-03-02 04:35:00+00:00,57.41674041748047,-0.03372030705213547,4,4.0689239501953125,0.0391845703125
2018-03-02 04:36:00+00:00,57.40537643432617,-0.03868526220321655,4,4.0689239501953125,0.0391845703125
2018-03-02 04:37:00+00:00,57.242977142333984,-0.10975223779678345,4,4.0689239501953125,0.0391845703125
2018-03-02 04:38:00+00:00,57.776878356933594,0.12312597036361694,4,4.0689239501953125,0.0391845703125
2018-03-02 04:39:00+00:00,57.5510139465332,0.024873442947864532,4,4.0689239501953125,0.0391845703125
2018-03-02 04:40:00+00:00,57.38581848144531,-0.04724007099866867,4,4.0689239501953125,0.0391845703125
2018-03-02 04:41:00+00:00,58.00267791748047,0.22097693383693695,4,4.0689239501953125,0.0391845703125
2018-03-02 04:42:00+00:00,57.908321380615234,0.1801377534866333,4,4.0689239501953125,0.0391845703125
2018-03-02 04:43:00+00:00,57.30205154418945,-0.0838809385895729,4,4.0689239501953125,0.0391845703125
2018-03-02 04:44:00+00:00,57.27232360839844,-0.09688960015773773,4,4.0689239501953125,0.0391845703125
2018-03-02 04:45:00+00:00,57.39520263671875,-0.04313911497592926,4,4.0689239501953125,0.0391845703125
2018-03-02 04:46:00+00:00,57.060150146484375,-0.18998247385025024,4,4.0689239501953125,0.0391845703125
2018-03-02 04:47:00+00:00,57.313453674316406,-0.07889164984226227,4,4.0689239501953125,0.0391845703125
2018-03-02 04:48:00+00:00,57.331199645996094,-0.0711156576871872,4,4.0689239501953125,0.0391845703125
2018-03-02 04:49:00+00:00,57.42793273925781,-0.02884053811430931,4,4.0689239501953125,0.0391845703125
2018-03-02 04:50:00+00:00,57.22053527832031,-0.11958479136228561,4,4.0689239501953125,0.0391845703125
2018-03-02 04:51:00+00:00,57.682586669921875,0.08215294033288956,4,4.0689239501953125,0.0391845703125
2018-03-02 04:52:00+00:00,57.637630462646484,0.0625973492860794,4,4.0689239501953125,0.0391845703125
2018-03-02 04:53:00+00:00,57.3388671875,-0.06776917725801468,4,4.0689239501953125,0.0391845703125
2018-03-02 04:54:00+00:00,57.6700439453125,0.07670122385025024,4,4.0689239501953125,0.0391845703125
2018-03-02 04:55:00+00:00,57.06157684326172,-0.18936185538768768,4,4.0689239501953125,0.0391845703125
2018-03-02 04:56:00+00:00,57.47956848144531,-0.006291374564170837,4,4.0689239501953125,0.0391845703125
2018-03-02 04:57:00+00:00,57.33968734741211,-0.06740410625934601,4,4.0689239501953125,0.0391845703125
2018-03-02 04:58:00+00:00,57.34991455078125,-0.06293808668851852,4,4.0689239501953125,0.0391845703125
2018-03-02 04:59:00+00:00,57.409244537353516,-0.03699376806616783,4,4.0689239501953125,0.0391845703125
2018-03-02 05:00:00+00:00,57.590572357177734,0.042104750871658325,4,4.0689239501953125,0.0391845703125
2018-03-02 05:01:00+00:00,57.238311767578125,-0.11179663240909576,4,4.0689239501953125,0.0391845703125
2018-03-02 05:02:00+00:00,57.09600067138672,-0.17423579096794128,4,4.0689239501953125,0.0391845703125
2018-03-02 05:03:00+00:00,57.3552131652832,-0.06061380356550217,4,4.0689239501953125,0.0391845703125
2018-03-02 05:04:00+00:00,57.318668365478516,-0.07660387456417084,4,4.0689239501953125,0.0391845703125
2018-03-02 05:05:00+00:00,57.35211181640625,-0.061976734548807144,4,4.0689239501953125,0.0391845703125
2018-03-02 05:06:00+00:00,57.648193359375,0.06718506664037704,4,4.0689239501953125,0.0391845703125
2018-03-02 05:07:00+00:00,57.25773620605469,-0.10327833145856857,4,4.0689239501953125,0.0391845703125
2018-03-02 05:08:00+00:00,57.448184967041016,-0.019993672147393227,4,4.0689239501953125,0.0391845703125
2018-03-02 05:09:00+00:00,57.39602279663086,-0.04277404770255089,4,4.0689239501953125,0.0391845703125
2018-03-02 05:10:00+00:00,57.15767288208008,-0.14714758098125458,4,4.0689239501953125,0.0391845703125
2018-03-02 05:11:00+00:00,57.23344039916992,-0.11392620950937271,4,4.0689239501953125,0.0391845703125
2018-03-02 05:12:00+00:00,57.17893981933594,-0.1378261297941208,4,4.0689239501953125,0.0391845703125
2018-03-02 05:13:00+00:00,57.46617889404297,-0.012132495641708374,4,4.0689239501953125,0.0391845703125
2018-03-02 05:14:00+00:00,57.37209701538086,-0.05323939025402069,4,4.0689239501953125,0.0391845703125
2018-03-02 05:15:00+00:00,57.187259674072266,-0.13417543470859528,4,4.0689239501953125,0.0391845703125
2018-03-02 05:16:00+00:00,58.10406494140625,0.26479750871658325,4,4.0689239501953125,0.0391845703125
2018-03-02 05:17:00+00:00,57.01726150512695,-0.20884443819522858,4,4.0689239501953125,0.0391845703125
2018-03-02 05:18:00+00:00,57.56212615966797,0.02971670590341091,4,4.0689239501953125,0.0391845703125
2018-03-02 05:19:00+00:00,57.85641860961914,0.15763726830482483,4,4.0689239501953125,0.0391845703125
2018-03-02 05:20:00+00:00,57.31929016113281,-0.07633615285158157,4,4.0689239501953125,0.0391845703125
2018-03-02 05:21:00+00:00,57.50672912597656,0.005561234429478645,4,4.0689239501953125,0.0391845703125
2018-03-02 05:22:00+00:00,56.96251678466797,-0.23293906450271606,4,4.0689239501953125,0.0391845703125
2018-03-02 05:23:00+00:00,57.33136749267578,-0.07104264199733734,4,4.0689239501953125,0.0391845703125
2018-03-02 05:24:00+00:00,57.04680633544922,-0.19584794342517853,4,4.0689239501953125,0.0391845703125
2018-03-02 05:25:00+00:00,57.503379821777344,0.004100954160094261,4,4.0689239501953125,0.0391845703125
2018-03-02 05:26:00+00:00,57.31388854980469,-0.07869694381952286,4,4.0689239501953125,0.0391845703125
2018-03-02 05:27:00+00:00,57.12680435180664,-0.1607038527727127,4,4.0689239501953125,0.0391845703125
2018-03-02 05:28:00+00:00,56.909812927246094,-0.2561453580856323,4,4.0689239501953125,0.0391845703125
2018-03-02 05:29:00+00:00,69.43218994140625,4.739790439605713,4,4.0689239501953125,0.0391845703125
2018-03-02 05:30:00+00:00,117.80835723876953,18.08333396911621,4,4.0689239501953125,0.0391845703125
2018-03-02 08:46:00+00:00,61.27421188354492,1.5981673002243042,4,4.0689239501953125,0.0391845703125
2018-03-02 08:47:00+00:00,61.300071716308594,1.6087665557861328,4,4.0689239501953125,0.0391845703125
2018-03-02 08:48:00+00:00,57.132720947265625,-0.1580996811389923,4,4.0689239501953125,0.0391845703125
2018-03-02 08:49:00+00:00,58.454647064208984,0.4157174825668335,4,4.0689239501953125,0.0391845703125
2018-03-02 08:50:00+00:00,61.7877197265625,1.8077418804168701,4,4.0689239501953125,0.0391845703125
2018-03-02 08:51:00+00:00,64.13042449951172,2.742601156234741,4,4.0689239501953125,0.0391845703125
2018-03-02 08:52:00+00:00,57.253273010253906,-0.10523753613233566,4,4.0689239501953125,0.0391845703125
2018-03-02 08:53:00+00:00,57.69524383544922,0.08765333145856857,4,4.0689239501953125,0.0391845703125
2018-03-02 08:54:00+00:00,64.31411743164062,2.814483642578125,4,4.0689239501953125,0.0391845703125
2018-03-02 08:55:00+00:00,58.728939056396484,0.5331848859786987,4,4.0689239501953125,0.0391845703125
2018-03-02 08:56:00+00:00,69.79029083251953,4.869207382202148,4,4.0689239501953125,0.0391845703125
2018-03-02 08:57:00+00:00,60.13029861450195,1.1250243186950684,4,4.0689239501953125,0.0391845703125
2018-03-02 08:58:00+00:00,57.41870880126953,-0.03286847844719887,4,4.0689239501953125,0.0391845703125
2018-03-02 08:59:00+00:00,57.35055923461914,-0.06265819817781448,4,4.0689239501953125,0.0391845703125
2018-03-02 09:00:00+00:00,59.35057830810547,0.7974225878715515,4,4.0689239501953125,0.0391845703125
2018-03-02 09:01:00+00:00,56.94318771362305,-0.24144518375396729,4,4.0689239501953125,0.0391845703125
2018-03-02 09:02:00+00:00,57.441932678222656,-0.022719528526067734,4,4.0689239501953125,0.0391845703125
2018-03-02 09:03:00+00:00,57.245513916015625,-0.10863269120454788,4,4.0689239501953125,0.0391845703125
2018-03-02 09:04:00+00:00,57.48303985595703,-0.004770249128341675,4,4.0689239501953125,0.0391845703125
2018-03-02 09:05:00+00:00,57.158016204833984,-0.14700156450271606,4,4.0689239501953125,0.0391845703125
2018-03-02 09:06:00+00:00,57.5435905456543,0.021636487916111946,4,4.0689239501953125,0.0391845703125
2018-03-02 09:07:00+00:00,57.216148376464844,-0.12150749564170837,4,4.0689239501953125,0.0391845703125
2018-03-02 09:08:00+00:00,57.4649658203125,-0.01266793254762888,4,4.0689239501953125,0.0391845703125
2018-03-02 09:09:00+00:00,60.000301361083984,1.0707019567489624,4,4.0689239501953125,0.0391845703125
2018-03-02 09:10:00+00:00,57.39341735839844,-0.043917931616306305,4,4.0689239501953125,0.0391845703125
2018-03-02 09:11:00+00:00,57.33424758911133,-0.06978923082351685,4,4.0689239501953125,0.0391845703125
2018-03-02 09:12:00+00:00,57.20383071899414,-0.12691053748130798,4,4.0689239501953125,0.0391845703125
2018-03-02 09:13:00+00:00,58.2702522277832,0.336448609828949,4,4.0689239501953125,0.0391845703125
2018-03-02 09:14:00+00:00,57.87967300415039,0.1677131950855255,4,4.0689239501953125,0.0391845703125
2018-03-02 09:15:00+00:00,57.426979064941406,-0.029254283756017685,4,4.0689239501953125,0.0391845703125
2018-03-02 09:16:00+00:00,56.96673583984375,-0.2310771942138672,4,4.0689239501953125,0.0391845703125
2018-03-02 09:17:00+00:00,57.09728240966797,-0.17366383969783783,4,4.0689239501953125,0.0391845703125
2018-03-02 09:18:00+00:00,58.18778991699219,0.3009151220321655,4,4.0689239501953125,0.0391845703125
2018-03-02 09:19:00+00:00,57.12773895263672,-0.16029010713100433,4,4.0689239501953125,0.0391845703125
2018-03-02 09:20:00+00:00,57.097171783447266,-0.17371252179145813,4,4.0689239501953125,0.0391845703125
2018-03-02 09:21:00+00:00,57.612945556640625,0.05185212194919586,4,4.0689239501953125,0.0391845703125
2018-03-02 09:22:00+00:00,57.334468841552734,-0.06969188153743744,4,4.0689239501953125,0.0391845703125
2018-03-02 09:23:00+00:00,57.073883056640625,-0.1839466542005539,4,4.0689239501953125,0.0391845703125
2018-03-02 09:24:00+00:00,57.376644134521484,-0.05124367028474808,4,4.0689239501953125,0.0391845703125
2018-03-02 09:25:00+00:00,56.84505081176758,-0.2847059965133667,4,4.0689239501953125,0.0391845703125
2018-03-02 09:26:00+00:00,57.169761657714844,-0.14185406267642975,4,4.0689239501953125,0.0391845703125
2018-03-02 09:27:00+00:00,58.43870544433594,0.40887850522994995,4,4.0689239501953125,0.0391845703125
2018-03-02 09:28:00+00:00,57.09080123901367,-0.17651139199733734,4,4.0689239501953125,0.0391845703125
2018-03-02 09:29:00+00:00,57.519081115722656,0.010952102951705456,4,4.0689239501953125,0.0391845703125
2018-03-02 09:30:00+00:00,57.262908935546875,-0.10101489722728729,4,4.0689239501953125,0.0391845703125
2018-03-02 09:31:00+00:00,59.144287109375,0.7100369930267334,4,4.0689239501953125,0.0391845703125
2018-03-02 09:32:00+00:00,57.24845504760742,-0.10734277963638306,4,4.0689239501953125,0.0391845703125
2018-03-02 09:33:00+00:00,58.29024124145508,0.3450520932674408,4,4.0689239501953125,0.0391845703125
2018-03-02 09:34:00+00:00,58.34231185913086,0.36745521426200867,4,4.0689239501953125,0.0391845703125
2018-03-02 09:35:00+00:00,57.01264190673828,-0.21087665855884552,4,4.0689239501953125,0.0391845703125
2018-03-02 09:36:00+00:00,57.3392448425293,-0.06759881228208542,4,4.0689239501953125,0.0391845703125
2018-03-02 09:37:00+00:00,58.11307144165039,0.2686794102191925,4,4.0689239501953125,0.0391845703125
2018-03-02 09:38:00+00:00,58.81864929199219,0.5714929103851318,4,4.0689239501953125,0.0391845703125
2018-03-02 09:39:00+00:00,57.17559814453125,-0.13928641378879547,4,4.0689239501953125,0.0391845703125
2018-03-02 09:40:00+00:00,57.57309341430664,0.03448695316910744,4,4.0689239501953125,0.0391845703125
2018-03-02 09:41:00+00:00,59.229942321777344,0.746361494064331,4,4.0689239501953125,0.0391845703125
2018-03-02 09:42:00+00:00,69.77251434326172,4.862806797027588,4,4.0689239501953125,0.0391845703125
2018-03-02 09:43:00+00:00,57.06454849243164,-0.1880476027727127,4,4.0689239501953125,0.0391845703125
2018-03-02 09:44:00+00:00,74.44329833984375,6.493818283081055,4,4.0689239501953125,0.0391845703125
2018-03-02 09:45:00+00:00,58.0222053527832,0.2294222116470337,4,4.0689239501953125,0.0391845703125
2018-03-02 09:46:00+00:00,57.023643493652344,-0.206033393740654,4,4.0689239501953125,0.0391845703125
2018-03-02 09:47:00+00:00,57.70415496826172,0.09153524041175842,4,4.0689239501953125,0.0391845703125
2018-03-02 09:48:00+00:00,57.209251403808594,-0.12452540546655655,4,4.0689239501953125,0.0391845703125
2018-03-02 09:49:00+00:00,58.29639434814453,0.3477049171924591,4,4.0689239501953125,0.0391845703125
2018-03-02 09:50:00+00:00,58.44207000732422,0.41032662987709045,4,4.0689239501953125,0.0391845703125
2018-03-02 09:51:00+00:00,60.35568618774414,1.2189446687698364,4,4.0689239501953125,0.0391845703125
2018-03-02 09:52:00+00:00,57.47504806518555,-0.0082627534866333,4,4.0689239501953125,0.0391845703125
2018-03-02 09:53:00+00:00,58.26838302612305,0.3356454372406006,4,4.0689239501953125,0.0391845703125
2018-03-02 09:54:00+00:00,57.98948287963867,0.21526966989040375,4,4.0689239501953125,0.0391845703125
2018-03-02 09:55:00+00:00,57.493648529052734,-0.0001460280327592045,4,4.0689239501953125,0.0391845703125
2018-03-02 09:56:00+00:00,57.21495056152344,-0.12203076481819153,4,4.0689239501953125,0.0391845703125
2018-03-02 09:57:00+00:00,59.481685638427734,0.8528037667274475,4,4.0689239501953125,0.0391845703125
2018-03-02 09:58:00+00:00,56.99115753173828,-0.22033196687698364,4,4.0689239501953125,0.0391845703125
2018-03-02 09:59:00+00:00,56.67617416381836,-0.3593141436576843,4,4.0689239501953125,0.0391845703125
2018-03-02 10:00:00+00:00,58.81134033203125,0.5683654546737671,4,4.0689239501953125,0.0391845703125
2018-03-02 10:01:00+00:00,57.17952346801758,-0.1375705748796463,4,4.0689239501953125,0.0391845703125
2018-03-02 10:02:00+00:00,58.46055603027344,0.4182608127593994,4,4.0689239501953125,0.0391845703125
2018-03-02 10:03:00+00:00,58.11659240722656,0.27020055055618286,4,4.0689239501953125,0.0391845703125
2018-03-02 10:04:00+00:00,57.327938079833984,-0.07255159318447113,4,4.0689239501953125,0.0391845703125
2018-03-02 10:05:00+00:00,57.72214889526367,0.09934774041175842,4,4.0689239501953125,0.0391845703125
2018-03-02 10:06:00+00:00,57.9570198059082,0.2012266367673874,4,4.0689239501953125,0.0391845703125
2018-03-02 10:07:00+00:00,57.68757247924805,0.08431902527809143,4,4.0689239501953125,0.0391845703125
2018-03-02 10:08:00+00:00,58.78730773925781,0.5581191778182983,4,4.0689239501953125,0.0391845703125
2018-03-02 10:09:00+00:00,57.22615432739258,-0.11711448431015015,4,4.0689239501953125,0.0391845703125
2018-03-02 10:10:00+00:00,58.27791976928711,0.3397463858127594,4,4.0689239501953125,0.0391845703125
2018-03-02 10:11:00+00:00,57.4411735534668,-0.023048091679811478,4,4.0689239501953125,0.0391845703125
2018-03-02 10:12:00+00:00,57.65657043457031,0.07083576917648315,4,4.0689239501953125,0.0391845703125
2018-03-02 10:13:00+00:00,57.97434616088867,0.20872274041175842,4,4.0689239501953125,0.0391845703125
2018-03-02 10:14:00+00:00,57.456031799316406,-0.01656201295554638,4,4.0689239501953125,0.0391845703125
2018-03-02 10:15:00+00:00,58.141178131103516,0.2808119058609009,4,4.0689239501953125,0.0391845703125
2018-03-02 10:16:00+00:00,56.92030715942383,-0.25152111053466797,4,4.0689239501953125,0.0391845703125
2018-03-02 10:17:00+00:00,56.77265930175781,-0.3166618049144745,4,4.0689239501953125,0.0391845703125
2018-03-02 10:18:00+00:00,57.69376754760742,0.08700837194919586,4,4.0689239501953125,0.0391845703125
2018-03-02 10:19:00+00:00,57.80881118774414,0.13698646426200867,4,4.0689239501953125,0.0391845703125
2018-03-02 10:20:00+00:00,57.68143844604492,0.08165401220321655,4,4.0689239501953125,0.0391845703125
2018-03-02 10:21:00+00:00,58.36210250854492,0.3759613633155823,4,4.0689239501953125,0.0391845703125
2018-03-02 10:22:00+00:00,57.07504653930664,-0.1834355592727661,4,4.0689239501953125,0.0391845703125
2018-03-02 10:23:00+00:00,57.17927551269531,-0.13768009841442108,4,4.0689239501953125,0.0391845703125
2018-03-02 10:24:00+00:00,57.63666915893555,0.062171436846256256,4,4.0689239501953125,0.0391845703125
2018-03-02 10:25:00+00:00,57.20752716064453,-0.12527988851070404,4,4.0689239501953125,0.0391845703125
2018-03-02 10:26:00+00:00,57.751365661621094,0.11204001307487488,4,4.0689239501953125,0.0391845703125
2018-03-02 10:27:00+00:00,57.056983947753906,-0.19136974215507507,4,4.0689239501953125,0.0391845703125
2018-03-02 10:28:00+00:00,58.3845329284668,0.3856113851070404,4,4.0689239501953125,0.0391845703125
2018-03-02 10:29:00+00:00,56.77686309814453,-0.3148121237754822,4,4.0689239501953125,0.0391845703125
2018-03-02 10:30:00+00:00,58.562252044677734,0.46186235547065735,4,4.0689239501953125,0.0391845703125
2018-03-02 10:31:00+00:00,57.268619537353516,-0.09852024912834167,4,4.0689239501953125,0.0391845703125
2018-03-02 10:32:00+00:00,58.7591438293457,0.5460839867591858,4,4.0689239501953125,0.0391845703125
2018-03-02 10:33:00+00:00,56.98164367675781,-0.22451810538768768,4,4.0689239501953125,0.0391845703125
2018-03-02 10:34:00+00:00,59.118263244628906,0.6989875435829163,4,4.0689239501953125,0.0391845703125
2018-03-02 10:35:00+00:00,57.63751220703125,0.06253650784492493,4,4.0689239501953125,0.0391845703125
2018-03-02 10:36:00+00:00,59.332191467285156,0.7896466255187988,4,4.0689239501953125,0.0391845703125
2018-03-02 10:37:00+00:00,61.89533615112305,1.8514407873153687,4,4.0689239501953125,0.0391845703125
2018-03-02 10:38:00+00:00,58.36298751831055,0.3763507604598999,4,4.0689239501953125,0.0391845703125
2018-03-02 10:39:00+00:00,57.286956787109375,-0.09048870950937271,4,4.0689239501953125,0.0391845703125
2018-03-02 10:40:00+00:00,57.20491027832031,-0.12643593549728394,4,4.0689239501953125,0.0391845703125
2018-03-02 10:41:00+00:00,56.844905853271484,-0.2847668528556824,4,4.0689239501953125,0.0391845703125
2018-03-02 10:42:00+00:00,58.12461853027344,0.27366870641708374,4,4.0689239501953125,0.0391845703125
2018-03-02 10:43:00+00:00,56.799163818359375,-0.30495521426200867,4,4.0689239501953125,0.0391845703125
2018-03-02 10:44:00+00:00,57.27699661254883,-0.09484521299600601,4,4.0689239501953125,0.0391845703125
2018-03-02 10:45:00+00:00,67.78598022460938,4.1362199783325195,4,4.0689239501953125,0.0391845703125
2018-03-02 10:46:00+00:00,63.87194061279297,2.6411240100860596,4,4.0689239501953125,0.0391845703125
2018-03-02 10:47:00+00:00,58.89619064331055,0.604543924331665,4,4.0689239501953125,0.0391845703125
2018-03-02 10:48:00+00:00,59.499271392822266,0.8602146506309509,4,4.0689239501953125,0.0391845703125
2018-03-02 10:49:00+00:00,72.7579345703125,5.917238712310791,4,4.0689239501953125,0.0391845703125
2018-03-02 10:50:00+00:00,57.29890060424805,-0.08525603264570236,4,4.0689239501953125,0.0391845703125
2018-03-02 10:51:00+00:00,57.63853073120117,0.06298676133155823,4,4.0689239501953125,0.0391845703125
2018-03-02 10:52:00+00:00,56.9069938659668,-0.25738659501075745,4,4.0689239501953125,0.0391845703125
2018-03-02 10:53:00+00:00,56.8276481628418,-0.29238462448120117,4,4.0689239501953125,0.0391845703125
2018-03-02 10:54:00+00:00,56.88786697387695,-0.2658196985721588,4,4.0689239501953125,0.0391845703125
2018-03-02 10:55:00+00:00,57.26416015625,-0.10046728700399399,4,4.0689239501953125,0.0391845703125
2018-03-02 10:56:00+00:00,56.86945343017578,-0.2739364206790924,4,4.0689239501953125,0.0391845703125
2018-03-02 10:57:00+00:00,57.121891021728516,-0.1628577709197998,4,4.0689239501953125,0.0391845703125
2018-03-02 10:58:00+00:00,56.91557312011719,-0.2536141872406006,4,4.0689239501953125,0.0391845703125
2018-03-02 10:59:00+00:00,57.241825103759766,-0.11025116592645645,4,4.0689239501953125,0.0391845703125
2018-03-02 11:00:00+00:00,57.13903045654297,-0.15533731877803802,4,4.0689239501953125,0.0391845703125
2018-03-02 11:01:00+00:00,58.635623931884766,0.4932827055454254,4,4.0689239501953125,0.0391845703125
2018-03-02 11:02:00+00:00,58.122867584228516,0.27291423082351685,4,4.0689239501953125,0.0391845703125
2018-03-02 11:03:00+00:00,57.00764846801758,-0.21306706964969635,4,4.0689239501953125,0.0391845703125
2018-03-02 11:04:00+00:00,57.655513763427734,0.07037334144115448,4,4.0689239501953125,0.0391845703125
2018-03-02 11:05:00+00:00,57.20161819458008,-0.12787188589572906,4,4.0689239501953125,0.0391845703125
2018-03-02 11:06:00+00:00,57.39806365966797,-0.04188570752739906,4,4.0689239501953125,0.0391845703125
2018-03-02 11:07:00+00:00,57.349327087402344,-0.06319363415241241,4,4.0689239501953125,0.0391845703125
2018-03-02 11:08:00+00:00,57.324546813964844,-0.07403621822595596,4,4.0689239501953125,0.0391845703125
2018-03-02 11:09:00+00:00,57.84159851074219,0.15121203660964966,4,4.0689239501953125,0.0391845703125
2018-03-02 11:10:00+00:00,56.82894515991211,-0.2918126881122589,4,4.0689239501953125,0.0391845703125
2018-03-02 11:11:00+00:00,57.465606689453125,-0.012388044968247414,4,4.0689239501953125,0.0391845703125
2018-03-02 11:12:00+00:00,57.41093444824219,-0.03626362979412079,4,4.0689239501953125,0.0391845703125
2018-03-02 11:13:00+00:00,57.94788360595703,0.1972717046737671,4,4.0689239501953125,0.0391845703125
2018-03-02 11:14:00+00:00,57.85995101928711,0.15917056798934937,4,4.0689239501953125,0.0391845703125
2018-03-02 11:15:00+00:00,59.33641815185547,0.7914354801177979,4,4.0689239501953125,0.0391845703125
2018-03-02 11:16:00+00:00,57.47323989868164,-0.009053737856447697,4,4.0689239501953125,0.0391845703125
2018-03-02 11:17:00+00:00,57.65711975097656,0.07107914984226227,4,4.0689239501953125,0.0391845703125
2018-03-02 11:18:00+00:00,57.567840576171875,0.032199181616306305,4,4.0689239501953125,0.0391845703125
2018-03-02 11:19:00+00:00,58.070247650146484,0.25018253922462463,4,4.0689239501953125,0.0391845703125
2018-03-02 11:20:00+00:00,57.85354995727539,0.1563960313796997,4,4.0689239501953125,0.0391845703125
2018-03-02 11:21:00+00:00,57.51603317260742,0.009613512083888054,4,4.0689239501953125,0.0391845703125
2018-03-02 11:22:00+00:00,57.45777893066406,-0.015807535499334335,4,4.0689239501953125,0.0391845703125
2018-03-02 11:23:00+00:00,57.83511734008789,0.14840099215507507,4,4.0689239501953125,0.0391845703125
2018-03-02 11:24:00+00:00,58.035621643066406,0.2352268248796463,4,4.0689239501953125,0.0391845703125
2018-03-02 11:25:00+00:00,58.053367614746094,0.2428933084011078,4,4.0689239501953125,0.0391845703125
2018-03-02 11:26:00+00:00,58.180274963378906,0.297678142786026,4,4.0689239501953125,0.0391845703125
2018-03-02 11:27:00+00:00,57.688079833984375,0.0845380648970604,4,4.0689239501953125,0.0391845703125
2018-03-02 11:28:00+00:00,60.407569885253906,1.2405203580856323,4,4.0689239501953125,0.0391845703125
2018-03-02 11:29:00+00:00,58.13685989379883,0.2789500653743744,4,4.0689239501953125,0.0391845703125
2018-03-02 11:30:00+00:00,57.73292922973633,0.10403280705213547,4,4.0689239501953125,0.0391845703125
2018-03-02 11:31:00+00:00,57.58167266845703,0.03822283819317818,4,4.0689239501953125,0.0391845703125
2018-03-02 11:32:00+00:00,57.19635009765625,-0.13018399477005005,4,4.0689239501953125,0.0391845703125
2018-03-02 11:33:00+00:00,57.44154739379883,-0.022889895364642143,4,4.0689239501953125,0.0391845703125
2018-03-02 11:34:00+00:00,57.609153747558594,0.050197139382362366,4,4.0689239501953125,0.0391845703125
2018-03-02 11:35:00+00:00,57.57395553588867,0.03486419469118118,4,4.0689239501953125,0.0391845703125
2018-03-02 11:36:00+00:00,57.27726364135742,-0.09472352266311646,4,4.0689239501953125,0.0391845703125
2018-03-02 11:37:00+00:00,57.64649200439453,0.0664549246430397,4,4.0689239501953125,0.0391845703125
2018-03-02 11:38:00+00:00,57.221092224121094,-0.1193414106965065,4,4.0689239501953125,0.0391845703125
2018-03-02 11:39:00+00:00,57.351165771484375,-0.06239048019051552,4,4.0689239501953125,0.0391845703125
2018-03-02 11:40:00+00:00,57.15247344970703,-0.149435356259346,4,4.0689239501953125,0.0391845703125
2018-03-02 11:41:00+00:00,57.37239456176758,-0.05310552939772606,4,4.0689239501953125,0.0391845703125
2018-03-02 11:42:00+00:00,58.037132263183594,0.2358717918395996,4,4.0689239501953125,0.0391845703125
2018-03-02 11:43:00+00:00,57.31809997558594,-0.07684725522994995,4,4.0689239501953125,0.0391845703125
2018-03-02 11:44:00+00:00,57.14623260498047,-0.15217338502407074,4,4.0689239501953125,0.0391845703125
2018-03-02 11:45:00+00:00,57.032615661621094,-0.20209063589572906,4,4.0689239501953125,0.0391845703125
2018-03-02 11:46:00+00:00,57.46601104736328,-0.012205510400235653,4,4.0689239501953125,0.0391845703125
2018-03-02 11:47:00+00:00,56.93874740600586,-0.24340440332889557,4,4.0689239501953125,0.0391845703125
2018-03-02 11:48:00+00:00,57.28209686279297,-0.09261827915906906,4,4.0689239501953125,0.0391845703125
2018-03-02 11:49:00+00:00,57.102298736572266,-0.17146125435829163,4,4.0689239501953125,0.0391845703125
2018-03-02 11:50:00+00:00,57.271385192871094,-0.0973033457994461,4,4.0689239501953125,0.0391845703125
2018-03-02 11:51:00+00:00,58.31889343261719,0.357379287481308,4,4.0689239501953125,0.0391845703125
2018-03-02 11:52:00+00:00,57.073387145996094,-0.18416568636894226,4,4.0689239501953125,0.0391845703125
2018-03-02 11:53:00+00:00,57.434417724609375,-0.026005160063505173,4,4.0689239501953125,0.0391845703125
2018-03-02 11:54:00+00:00,57.3919792175293,-0.044538550078868866,4,4.0689239501953125,0.0391845703125
2018-03-02 11:55:00+00:00,57.24180221557617,-0.11026334017515182,4,4.0689239501953125,0.0391845703125
2018-03-02 11:56:00+00:00,57.15718078613281,-0.14736662805080414,4,4.0689239501953125,0.0391845703125
2018-03-02 11:57:00+00:00,56.885589599609375,-0.2668297290802002,4,4.0689239501953125,0.0391845703125
2018-03-02 11:58:00+00:00,57.080177307128906,-0.1811842918395996,4,4.0689239501953125,0.0391845703125
2018-03-02 11:59:00+00:00,57.12452697753906,-0.16170170903205872,4,4.0689239501953125,0.0391845703125
2018-03-02 12:00:00+00:00,57.21849822998047,-0.12047313153743744,4,4.0689239501953125,0.0391845703125
2018-03-02 12:01:00+00:00,56.89542007446289,-0.26249757409095764,4,4.0689239501953125,0.0391845703125
2018-03-02 12:02:00+00:00,57.278194427490234,-0.09432194381952286,4,4.0689239501953125,0.0391845703125
2018-03-02 12:03:00+00:00,57.071014404296875,-0.18521222472190857,4,4.0689239501953125,0.0391845703125
2018-03-02 12:04:00+00:00,56.59381866455078,-0.3957846462726593,4,4.0689239501953125,0.0391845703125
2018-03-02 12:05:00+00:00,57.31747817993164,-0.07712714374065399,4,4.0689239501953125,0.0391845703125
2018-03-02 12:06:00+00:00,57.4990234375,0.0022025895304977894,4,4.0689239501953125,0.0391845703125
2018-03-02 12:07:00+00:00,57.3779182434082,-0.050683896988630295,4,4.0689239501953125,0.0391845703125
2018-03-02 12:08:00+00:00,57.50012969970703,0.0026771805714815855,4,4.0689239501953125,0.0391845703125
2018-03-02 12:09:00+00:00,57.65819549560547,0.07154157012701035,4,4.0689239501953125,0.0391845703125
2018-03-02 12:10:00+00:00,57.393943786621094,-0.043686721473932266,4,4.0689239501953125,0.0391845703125
2018-03-02 12:11:00+00:00,56.99589538574219,-0.21823890507221222,4,4.0689239501953125,0.0391845703125
2018-03-02 12:12:00+00:00,56.87297821044922,-0.2723909616470337,4,4.0689239501953125,0.0391845703125
2018-03-02 12:13:00+00:00,57.04494094848633,-0.1966632604598999,4,4.0689239501953125,0.0391845703125
2018-03-02 12:14:00+00:00,57.04244613647461,-0.1977706402540207,4,4.0689239501953125,0.0391845703125
2018-03-02 12:15:00+00:00,57.47880935668945,-0.006619937717914581,4,4.0689239501953125,0.0391845703125
2018-03-02 12:16:00+00:00,57.11574172973633,-0.1655592918395996,4,4.0689239501953125,0.0391845703125
2018-03-02 12:17:00+00:00,57.411712646484375,-0.03592289611697197,4,4.0689239501953125,0.0391845703125
2018-03-02 12:18:00+00:00,56.917484283447266,-0.25277453660964966,4,4.0689239501953125,0.0391845703125
2018-03-02 12:19:00+00:00,57.054664611816406,-0.19239193201065063,4,4.0689239501953125,0.0391845703125
2018-03-02 12:20:00+00:00,57.118324279785156,-0.16442756354808807,4,4.0689239501953125,0.0391845703125
2018-03-02 12:21:00+00:00,57.68185806274414,0.08183654397726059,4,4.0689239501953125,0.0391845703125
2018-03-02 12:22:00+00:00,56.98768615722656,-0.2218530923128128,4,4.0689239501953125,0.0391845703125
2018-03-02 12:23:00+00:00,56.93754959106445,-0.24392767250537872,4,4.0689239501953125,0.0391845703125
2018-03-02 12:24:00+00:00,57.37930679321289,-0.050087615847587585,4,4.0689239501953125,0.0391845703125
2018-03-02 12:25:00+00:00,57.47872543334961,-0.0066564446315169334,4,4.0689239501953125,0.0391845703125
2018-03-02 12:26:00+00:00,57.28361511230469,-0.0919489860534668,4,4.0689239501953125,0.0391845703125
2018-03-02 12:27:00+00:00,57.50796127319336,0.006096670404076576,4,4.0689239501953125,0.0391845703125
2018-03-02 12:28:00+00:00,57.40377426147461,-0.039391063153743744,4,4.0689239501953125,0.0391845703125
2018-03-02 12:29:00+00:00,57.64235305786133,0.0646539106965065,4,4.0689239501953125,0.0391845703125
2018-03-02 12:30:00+00:00,57.345359802246094,-0.06492163240909576,4,4.0689239501953125,0.0391845703125
2018-03-02 12:31:00+00:00,57.2541618347168,-0.10484813153743744,4,4.0689239501953125,0.0391845703125
2018-03-02 12:32:00+00:00,57.0267333984375,-0.20467045903205872,4,4.0689239501953125,0.0391845703125
2018-03-02 12:33:00+00:00,57.35511016845703,-0.06066248193383217,4,4.0689239501953125,0.0391845703125
2018-03-02 12:34:00+00:00,57.32334899902344,-0.07455947995185852,4,4.0689239501953125,0.0391845703125
2018-03-02 12:35:00+00:00,57.30207443237305,-0.08386877179145813,4,4.0689239501953125,0.0391845703125
2018-03-02 12:36:00+00:00,57.14103698730469,-0.1544489860534668,4,4.0689239501953125,0.0391845703125
2018-03-02 12:37:00+00:00,57.467464447021484,-0.011572722345590591,4,4.0689239501953125,0.0391845703125
2018-03-02 12:38:00+00:00,57.20225524902344,-0.12759199738502502,4,4.0689239501953125,0.0391845703125
2018-03-02 12:39:00+00:00,57.3402099609375,-0.06718506664037704,4,4.0689239501953125,0.0391845703125
2018-03-02 12:40:00+00:00,57.380836486816406,-0.04941832274198532,4,4.0689239501953125,0.0391845703125
2018-03-02 12:41:00+00:00,57.5045166015625,0.00459988322108984,4,4.0689239501953125,0.0391845703125
2018-03-02 12:42:00+00:00,57.83896255493164,0.15006814897060394,4,4.0689239501953125,0.0391845703125
2018-03-02 12:43:00+00:00,57.3103141784668,-0.08025457710027695,4,4.0689239501953125,0.0391845703125
2018-03-02 12:44:00+00:00,57.62770080566406,0.05827735736966133,4,4.0689239501953125,0.0391845703125
2018-03-02 12:45:00+00:00,57.692996978759766,0.08667980879545212,4,4.0689239501953125,0.0391845703125
2018-03-02 12:46:00+00:00,57.05051803588867,-0.19421729445457458,4,4.0689239501953125,0.0391845703125
2018-03-02 12:47:00+00:00,57.494117736816406,6.084501728764735e-05,4,4.0689239501953125,0.0391845703125
2018-03-02 12:48:00+00:00,57.78089141845703,0.12486614286899567,4,4.0689239501953125,0.0391845703125
2018-03-02 12:49:00+00:00,57.047828674316406,-0.19539768993854523,4,4.0689239501953125,0.0391845703125
2018-03-02 12:50:00+00:00,57.319068908691406,-0.07643350958824158,4,4.0689239501953125,0.0391845703125
2018-03-02 12:51:00+00:00,57.81943893432617,0.14159852266311646,4,4.0689239501953125,0.0391845703125
2018-03-02 12:52:00+00:00,57.114017486572266,-0.1663137674331665,4,4.0689239501953125,0.0391845703125
2018-03-02 12:53:00+00:00,57.540836334228516,0.0204317569732666,4,4.0689239501953125,0.0391845703125
2018-03-02 12:54:00+00:00,57.18599319458008,-0.13472303748130798,4,4.0689239501953125,0.0391845703125
2018-03-02 12:55:00+00:00,57.21474838256836,-0.12211594730615616,4,4.0689239501953125,0.0391845703125
2018-03-02 12:56:00+00:00,57.14922332763672,-0.15085913240909576,4,4.0689239501953125,0.0391845703125
2018-03-02 12:57:00+00:00,57.29066848754883,-0.08885806053876877,4,4.0689239501953125,0.0391845703125
2018-03-02 12:58:00+00:00,57.89515686035156,0.1744304895401001,4,4.0689239501953125,0.0391845703125
2018-03-02 12:59:00+00:00,57.19611358642578,-0.13029351830482483,4,4.0689239501953125,0.0391845703125
